cluster_id,d1,d2,d3,d4,d5,d6,d7,d8,d9,d10,d11,d12,d13,d14,d15,d16,d17,d18
0,-0.002000000588961645,1.9190100004066428,-0.042670000274509005,-0.01050000648733218,-1.9007899997758704,-0.012934999836608826,1.3695000060438671,0.03641000048422936,1.3761349998125787,-1.3509999972006732,0.028830000246267806,1.3230849998766576,-1.329999997807143,-0.0023749998201605532,-1.3878591762073964,1.3750000042682282,0.0031100004260211783,-1.3674841758095972
0,-0.002000000588961645,1.9190100004066428,-0.042670000274509005,-0.01050000648733218,-1.9007899997758704,-0.012934999836608826,1.3695000060438671,0.03641000048422936,1.3761349998125787,-1.3509999972006732,0.028830000246267806,1.3230849998766576,-1.329999997807143,-0.0023749998201605532,-1.3878591762073964,1.3750000042682282,0.0031100004260211783,-1.3674841758095972
0,-0.002000000588961645,1.9190100004066428,-0.04266000020365884,-0.01050000648733218,-1.9007899997758704,-0.012960000556981252,1.3695000060438671,0.03641000048422936,1.3761249997417282,-1.3509999972006732,0.028830000246267806,1.3230749998058071,-1.329999997807143,-0.0023749998201605532,-1.3878699998390585,1.3750000042682282,0.0031100004260211783,-1.36749500052775
0,-0.002000000588961645,1.9190100004066428,-0.04266000020365884,-0.01050000648733218,-1.9007899997758704,-0.012960000556981252,1.3695000060438671,0.03641000048422936,1.3761249997417282,-1.3509999972006732,0.028830000246267806,1.3230749998058071,-1.329999997807143,-0.0023749998201605532,-1.3878699998390585,1.3750000042682282,0.0031100004260211783,-1.36749500052775
0,0.006499991728274895,1.9379000002151818,-0.008315000241662276,-0.03850000115166137,-1.9008999992968767,-0.010654999980064028,1.3444999918912643,0.007349999912489141,1.3308650001305375,-1.3799999989500504,0.03130000073530824,1.3525099997479293,-1.3660000084084678,-0.0015999994583197827,-1.389909175520871,1.3275000072568064,-0.0015999994583197757,-1.3645341755520333
0,-0.004999994681837143,1.9443000003532593,0.010584999484110194,-0.02750000470295434,-1.8803999995148248,-0.0047100002326016105,1.3445000054723983,0.029549999695205432,1.3535899997943441,-1.3709999895091558,0.016350000322735425,1.3565799997920638,-1.3540000048746978,0.02529999969354435,-1.3804841755634882,1.3270000037142675,0.026149999693877074,-1.341619176171804
0,-0.020999999393530387,1.9672250002266438,-0.04057500009896148,0.001500010627586805,-1.8907399990488676,-0.025280000382249673,1.3540000048746976,0.08184999985122539,1.3497099994666315,-1.3454999989763121,0.03646500062886586,1.3338049997740042,-1.3419999877597637,0.044035000351634296,-1.4058291758630204,1.3765000013146658,0.024935001248010166,-1.3511591758574761
0,0.016500008254232236,1.9362249995818375,-0.021739999747225666,-0.013000010618832825,-1.8887450003676975,-0.015845000354016148,1.364000007819506,0.005670000173946661,1.3470749998111222,-1.3369999930779417,0.010655000013203408,1.3122249995306494,-1.3424999913023028,0.0439550000714116,-1.3766149999539294,1.375999997772127,-0.008305000328629061,-1.3789750003772783
0,0.03599999702019088,1.9663449994489959,-0.015540000366058557,0.021000012974694525,-1.8957599995389045,-0.04087000055931486,1.3715000066328438,0.03540999967038196,1.335369999997195,-1.3089999984135974,0.015665000756312178,1.3508999997491566,-1.3314999948535657,0.07257999935952739,-1.3806950000689144,1.3620000072305443,0.042675000197449284,-1.390070000215291
0,-0.020999999393530387,1.967219999584914,-0.040575000098962075,0.001500010627586805,-1.8907449996905974,-0.025310000051555384,1.3540000048746976,0.0818449992094955,1.3496950004468475,-1.3454999989763121,0.03645999998713596,1.3337950002463992,-1.3419999877597637,0.04402999970990441,-1.4058450000733536,1.3765000013146658,0.024930000606280284,-1.351170000032384
0,0.006499991728274895,1.9379000002151818,-0.008315000241662276,-0.03850000115166137,-1.9008999992968767,-0.010654999980064028,1.3444999918912643,0.007349999912489141,1.3308650001305375,-1.3799999989500504,0.03130000073530824,1.3525099997479293,-1.3660000084084678,-0.0015999994583197827,-1.389909175520871,1.3275000072568064,-0.0015999994583197757,-1.3645341755520333
0,0.006499991728274895,1.9379000002151818,-0.008339999875542306,-0.03850000115166137,-1.9008999992968767,-0.010649999944638638,1.3444999918912643,0.007349999912489141,1.3308500005675077,-1.3799999989500504,0.03130000073530824,1.3525000002203247,-1.3660000084084678,-0.0015999994583197827,-1.3899199996957785,1.3275000072568064,-0.0015999994583197757,-1.3645449997269405
0,-0.004999994681837143,1.9443000003532593,0.010559999850230165,-0.02750000470295434,-1.8803999995148248,-0.004710000232601749,1.3445000054723983,0.029549999695205432,1.3535750002313143,-1.3709999895091558,0.016350000322735425,1.3565700002644592,-1.3540000048746978,0.02529999969354435,-1.38048999970297,1.3270000037142675,0.026149999693877074,-1.341629999803466
0,0.016500008254232236,1.9362249995818375,-0.021755000396747326,-0.013000010618832825,-1.8887450003676975,-0.015819999633644027,1.364000007819506,0.005670000173946661,1.347084999881973,-1.3369999930779417,0.010655000013203408,1.3122350001447456,-1.3424999913023028,0.0439550000714116,-1.3766041757790217,1.375999997772127,-0.008305000328629061,-1.3789641756591253
0,0.03599999702019088,1.9663449994489959,-0.015524999716537202,0.021000012974694525,-1.8957599995389045,-0.04083000027591272,1.3715000066328438,0.03540999967038196,1.3353949996310752,-1.3089999984135974,0.015665000756312178,1.3509199998908576,-1.3314999948535657,0.07257999935952739,-1.3806691757877316,1.3620000072305443,0.042675000197449284,-1.3900441759341073
0,0.006499991728274895,1.9379000002151818,-0.008339999875542306,-0.03850000115166137,-1.9008999992968767,-0.010649999944638638,1.3444999918912643,0.007349999912489141,1.3308500005675077,-1.3799999989500504,0.03130000073530824,1.3525000002203247,-1.3660000084084678,-0.0015999994583197827,-1.3899199996957785,1.3275000072568064,-0.0015999994583197757,-1.3645449997269405
0,0.03599999702019088,1.9663449994489959,-0.015524999716537202,0.021000012974694525,-1.8957599995389045,-0.04083000027591272,1.3715000066328438,0.03540999967038196,1.3353949996310752,-1.3089999984135974,0.015665000756312178,1.3509199998908576,-1.3314999948535657,0.07257999935952739,-1.3806691757877316,1.3620000072305443,0.042675000197449284,-1.3900441759341073
0,0.0005000171236729661,1.9218399994677535,0.00660000004220497,0.003000007674009472,-1.9175450006049157,0.003405000221786955,1.3360000131551768,-0.014405000376206173,1.4050300002747391,-1.3574999889289483,0.01270999948073985,1.3517350007759634,-1.3449999818526241,-0.01534500040368805,-1.360704175578574,1.3830000066240746,0.015229999472686884,-1.311539174919298
0,0.03599999702019088,1.9663449994489959,-0.015540000366058557,0.021000012974694525,-1.8957599995389045,-0.04087000055931486,1.3715000066328438,0.03540999967038196,1.335369999997195,-1.3089999984135974,0.015665000756312178,1.3508999997491566,-1.3314999948535657,0.07257999935952739,-1.3806950000689144,1.3620000072305443,0.042675000197449284,-1.390070000215291
0,0.008000002355861693,1.9425999995843288,-0.0065950000067795805,-0.04300000587212368,-1.888900000286412,-0.002349999266006708,1.3379999865818555,0.03319999951586422,1.3477150005428358,-1.4029999989325574,0.028099999513871265,1.3437250005222592,-1.3805000024925893,0.05654999938941523,-1.3685091749230873,1.3265000001717435,0.02299999951187745,-1.3719841750975825
0,0.0005000171236729661,1.9218399994677535,0.00660000004220497,0.003000007674009472,-1.9175450006049157,0.003405000221786955,1.3360000131551768,-0.014405000376206173,1.4050300002747391,-1.3574999889289483,0.01270999948073985,1.3517350007759634,-1.3449999818526241,-0.01534500040368805,-1.360704175578574,1.3830000066240746,0.015229999472686884,-1.311539174919298
0,0.0005000171236729661,1.9218399994677535,0.006579999900504202,0.003000007674009472,-1.9175450006049157,0.003404999678541444,1.3360000131551768,-0.014405000376206173,1.405019999660643,-1.3574999889289483,0.01270999948073985,1.3517249996186211,-1.3449999818526241,-0.01534500040368805,-1.3607150002967268,1.3830000066240746,0.015229999472686884,-1.3115500001806977
0,0.0005000171236729661,1.9218399994677535,0.006579999900504202,0.003000007674009472,-1.9175450006049157,0.003404999678541444,1.3360000131551768,-0.014405000376206173,1.405019999660643,-1.3574999889289483,0.01270999948073985,1.3517249996186211,-1.3449999818526241,-0.01534500040368805,-1.3607150002967268,1.3830000066240746,0.015229999472686884,-1.3115500001806977
0,0.008000002355861693,1.9425999995843288,-0.0065950000067800385,-0.04300000587212368,-1.888900000286412,-0.002325000175372627,1.3379999865818555,0.03319999951586422,1.347730000105865,-1.4029999989325574,0.028099999513871265,1.3437399995420427,-1.3805000024925893,0.05654999938941523,-1.368495000007361,1.3265000001717435,0.02299999951187745,-1.371970000181856
0,-0.025499990532843624,1.9267974439195585,0.018459999867824095,-0.025499990532843617,-1.9145349991847072,0.018454999832398872,1.3624999971919194,0.02627000049834328,1.366580000020631,-1.3750000042682282,0.0017850009226164365,1.3924649998001244,-1.400000004839712,0.017950000549321762,-1.31399500066303,1.3650000149045538,-0.017764999853290914,-1.3227200005500888
0,-0.01950000234712279,1.9130499998891235,0.03647000035009547,-0.01750000175814606,-1.9310499999413508,0.031460000708207626,1.3374999966204504,0.0005499999098307305,1.4145300002202545,-1.3559999918825254,-0.0024499994586533735,1.3755550000492147,-1.3505000072393134,0.04764999952151206,-1.3604641755078986,1.369500006043852,0.005150000273165367,-1.2877741754924785
0,-0.006500005309423948,1.9201100002263036,-0.005829999475926745,-0.008500005898400692,-1.918425000614298,-0.0008149997986136581,1.340499990713326,0.018539999446864384,1.3944250001056822,-1.3385000037055286,-0.03131000048223642,1.3707850004780022,-1.3660000084084678,0.010664999760130718,-1.3746391754380394,1.3709999895091407,-0.014064999761460778,-1.3007791752817948
0,-0.025499990532843624,1.9268100004548834,0.018454999832399177,-0.025499990532843617,-1.914514999690851,0.0184599998678244,1.3624999971919194,0.02627000049834317,1.3665749999852062,-1.3750000042682282,0.0017900007960804099,1.3924599997646991,-1.400000004839712,0.017965000169713682,-1.314004999647389,1.3650000149045538,-0.017750000232898883,-1.3227200000068426
0,-0.006500005309423948,1.9201100002263036,-0.005870000302574993,-0.008500005898400692,-1.918425000614298,-0.0008100003064342581,1.340499990713326,0.018544999320328465,1.3944099994561596,-1.3385000037055286,-0.03131500035570049,1.3707699992852347,-1.3660000084084678,0.010664999760130718,-1.374655000734864,1.370499999547766,-0.014064999761460778,-1.3007950005786197
0,-0.006500005309423948,1.9201100002263036,-0.005870000302574993,-0.008500005898400692,-1.918425000614298,-0.0008100003064342581,1.340499990713326,0.018544999320328465,1.3944099994561596,-1.3385000037055286,-0.03131500035570049,1.3707699992852347,-1.3660000084084678,0.010664999760130718,-1.374655000734864,1.370499999547766,-0.014064999761460778,-1.3007950005786197
0,-0.01950000234712279,1.9130499998891235,0.03647000035009547,-0.01750000175814606,-1.9310499999413508,0.031460000708207626,1.3374999966204504,0.0005499999098307305,1.4145300002202545,-1.3559999918825254,-0.0024499994586533735,1.3755550000492147,-1.3505000072393134,0.04764999952151206,-1.3604641755078986,1.369500006043852,0.005150000273165367,-1.2877741754924785
0,-0.025499990532843624,1.9267974439195585,0.0184599998678244,-0.025499990532843617,-1.9145349991847072,0.018454999832399163,1.3624999971919194,0.02627000049834328,1.3665800000206312,-1.3750000042682282,0.0017850009226164365,1.3924649998001244,-1.400000004839712,0.017950000549321762,-1.3139949995765385,1.3650000149045538,-0.017764999853290914,-1.3227200000068426
0,-0.01950000234712279,1.9130499998891235,0.036484999913125954,-0.01750000175814606,-1.9310499999413508,0.03143499998783567,1.3374999966204504,0.0005499999098307305,1.4145249996415838,-1.3559999918825254,-0.0024499994586533735,1.375549999470544,-1.3505000072393134,0.04764999952151206,-1.3604700001906265,1.369500006043852,0.005150000273165367,-1.2877800001752062
0,-0.025499990532843624,1.9268100004548834,0.018454999832398872,-0.025499990532843617,-1.914514999690851,0.01845999986782411,1.3624999971919194,0.02627000049834317,1.3665749999852057,-1.3750000042682282,0.0017900007960804099,1.3924599997646991,-1.400000004839712,0.017965000169713682,-1.3140050001906345,1.3650000149045538,-0.017755000106362967,-1.3227200005500888
0,-0.006500005309423948,1.9201100002263036,-0.005829999475926745,-0.008500005898400692,-1.918425000614298,-0.0008149997986136581,1.340499990713326,0.018539999446864384,1.3944250001056822,-1.3385000037055286,-0.03131000048223642,1.3707850004780022,-1.3660000084084678,0.010664999760130718,-1.3746391754380394,1.3709999895091407,-0.014064999761460778,-1.3007791752817948
0,-0.01950000234712279,1.9130499998891235,0.036484999913125954,-0.01750000175814606,-1.9310499999413508,0.03143499998783567,1.3374999966204504,0.0005499999098307305,1.4145249996415838,-1.3559999918825254,-0.0024499994586533735,1.375549999470544,-1.3505000072393134,0.04764999952151206,-1.3604700001906265,1.369500006043852,0.005150000273165367,-1.2877800001752062
0,-0.002999994092875491,1.9163400003694453,0.01956999958354505,0.0034999976353843193,-1.9225899996940072,-0.026865000203895303,1.3674999918737565,-0.000704999828545382,1.3786749998814998,-1.3325000019386284,-0.024679999250419943,1.37879999968064,-1.3625000107730683,0.007924999957905224,-1.3584541759345803,1.37700000485719,0.04106500022393468,-1.3230191758553187
0,-0.002999994092875491,1.9163400003694453,0.019570000126791158,0.0034999976353843193,-1.9225899996940072,-0.02685999962522395,1.3674999918737565,-0.0007099997020094621,1.3786750004247457,-1.3320000119772537,-0.024679999250419943,1.3788000002238858,-1.3625000107730683,0.007929999831369303,-1.3584550000386375,1.3774999948185647,0.04106500022393468,-1.3230199999593748
0,0.004500004720447218,1.935500000259435,0.05429999955705767,-0.034499986392604085,-1.8963954437618171,0.048654999762127754,1.3549999983785965,0.001949999819994188,1.409075499384746,-1.36549999128481,-0.004850000182664224,1.3849050000184653,-1.3549999983785965,0.029299999875876698,-1.3518841761049263,1.3390000072480372,0.012399999643309678,-1.3031341756697186
0,0.006499991728274895,1.9350500001236832,0.008049999993860413,-0.010500006487347266,-1.9060248866011862,0.050004999548523804,1.3564999818438852,0.008549999506229616,1.4028349993906861,-1.3630000007344583,0.0073999994153948895,1.3769499996111927,-1.347000009603899,-0.003050000407920604,-1.3433036763724648,1.3674999918737565,0.007499999189473902,-1.3041691759405525
0,0.004500004720447218,1.935500000259435,0.054325000277429786,-0.034499986392604085,-1.8963954437618171,0.04866999986840359,1.3549999983785965,0.001949999819994188,1.4090949997402027,-1.36549999128481,-0.004850000182664224,1.384929999652345,-1.3549999983785965,0.029299999875876698,-1.3518650000672827,1.3390000072480372,0.012399999643309678,-1.3031100001398954
0,0.006499991728274895,1.9350500001236832,0.008049999993860413,-0.010500006487347266,-1.9060248866011862,0.050004999548523804,1.3564999818438852,0.008549999506229616,1.4028349993906861,-1.3630000007344583,0.0073999994153948895,1.3769499996111927,-1.347000009603899,-0.003050000407920604,-1.3433036763724648,1.3674999918737565,0.007499999189473902,-1.3041691759405525
0,0.006499991728274895,1.9350500001236832,0.00806499955689044,-0.010500006487347266,-1.9060253867421864,0.0500449998319258,1.3564999818438852,0.008549999506229616,1.4028554993186315,-1.3630000007344583,0.0073999994153948895,1.3769649997174684,-1.347000009603899,-0.003050000407920604,-1.343285000664311,1.3674999918737565,0.007499999189473902,-1.3041500004461544
0,0.006499991728274895,1.9350500001236832,0.00806499955689044,-0.010500006487347266,-1.9060253867421864,0.0500449998319258,1.3564999818438852,0.008549999506229616,1.4028554993186315,-1.3630000007344583,0.0073999994153948895,1.3769649997174684,-1.347000009603899,-0.003050000407920604,-1.343285000664311,1.3674999918737565,0.007499999189473902,-1.3041500004461544
0,0.0010000070850628984,1.9243099991885273,0.011055000641101882,0.0010000070850628984,-1.9170209437285965,0.011055000641101882,1.2860000120122543,0.02258999990036914,1.433633000080503,-1.3849999936319026,0.01624499913866157,1.3804400004352093,-1.3544999948360577,-0.030875000735141888,-1.3614149998238054,1.3860000142980993,0.025479998979580247,-1.2882849994071912
0,0.022499996439968126,1.9416349994212603,0.005204999936981692,-0.001000007085047827,-1.8939700002793556,-0.02946500015467323,1.3370000066590757,0.004714999757805892,1.3852949995221602,-1.347499999565289,0.026364998862426485,1.3728650000040283,-1.3699999960052418,0.010454999696780432,-1.356244176030744,1.3684999989588043,0.0333599993080438,-1.3299491755193613
0,0.022499996439968126,1.9416349994212603,0.005204999936981692,-0.001000007085047827,-1.8939700002793556,-0.02946500015467323,1.3370000066590757,0.004714999757805892,1.3852949995221602,-1.347499999565289,0.026364998862426485,1.3728650000040283,-1.3699999960052418,0.010454999696780432,-1.356244176030744,1.3684999989588043,0.0333599993080438,-1.3299491755193613
0,0.022499996439968126,1.9416349994212603,0.005190000373951663,-0.001000007085047827,-1.8939700002793556,-0.02946499961142772,1.3370000066590757,0.004714999757805892,1.3852849999945556,-1.347499999565289,0.026364998862426485,1.372855000476423,-1.3699999960052418,0.010454999696780432,-1.3562600002410763,1.3684999989588043,0.0333599993080438,-1.3299599996942688
0,-0.004999994681822065,1.9435000006240997,0.06807000042047316,0.02299999998250711,-1.8914023857750037,0.01041500045263518,1.3515000007432123,0.0262500002362219,1.3926150003196374,-1.3504999936581343,0.02109999996305653,1.4006550002426466,-1.3635000042769672,0.0471500006511204,-1.300991175371387,1.3555000019211354,0.033050000238879454,-1.3299291753776603
0,0.0010000070850628984,1.9243099991885273,0.01105500009785577,0.0010000070850628984,-1.9170204437285743,0.011055000097855767,1.2860000120122543,0.02258999990036914,1.4336349997687252,-1.3849999936319026,0.01624499913866157,1.3804399998919634,-1.3544999948360577,-0.030875000735141888,-1.3614100003316265,1.3860000142980993,0.025479998979580247,-1.2882849999504375
0,0.022499996439968126,1.9416349994212603,0.005190000373951663,-0.001000007085047827,-1.8939700002793556,-0.02946499961142772,1.3370000066590757,0.004714999757805892,1.3852849999945556,-1.347499999565289,0.026364998862426485,1.372855000476423,-1.3699999960052418,0.010454999696780432,-1.3562600002410763,1.3684999989588043,0.0333599993080438,-1.3299599996942688
0,-0.004999994681822065,1.9435000006240997,0.068085000526749,0.02299999998250711,-1.891402235963184,0.010404999838538456,1.3515000007432123,0.0262500002362219,1.3926199998118163,-1.3504999936581343,0.02109999996305653,1.4006600002780722,-1.3635000042769672,0.0471500006511204,-1.3009850002950425,1.3555000019211354,0.033050000238879454,-1.329924999989538
0,0.017000011796756143,1.9366000000790975,0.04694499959809688,-0.008500005898385607,-1.91536288619212,0.025114999756462142,1.3385000037055135,0.018450000187980188,1.3985149997482724,-1.3759999841909778,0.016200000277485714,1.3919549999894691,-1.363500004276982,0.07285000020924406,-1.315584175329552,1.342000014922062,-0.017549999916475052,-1.3397141757126785
0,-0.004999994681822065,1.9435000006240997,0.068085000526749,0.02299999998250711,-1.891402235963184,0.010404999838538456,1.3515000007432123,0.0262500002362219,1.3926199998118163,-1.3504999936581343,0.02109999996305653,1.4006600002780722,-1.3635000042769672,0.0471500006511204,-1.3009850002950425,1.3555000019211354,0.033050000238879454,-1.329924999989538
0,-0.010000002944808267,1.9317499998964323,0.019400000552069873,-0.010000002944808267,-1.9095700003758376,0.019400000552069873,1.3844999900893786,0.020679999836353394,1.3660850008594976,-1.3385000037055135,-0.009334999614997272,1.4185050001345565,-1.381499995996503,0.014170000177267966,-1.325938350709781,1.3370000066590908,-0.021990000487631806,-1.3472283510714536
0,0.032499985803642426,1.967210000606252,-0.03704499953478822,0.004499991139313236,-1.8805449996866106,0.02061000043304976,1.3834999965854498,0.05269000027367111,1.34052500012317,-1.3335000090236915,0.054584999949029656,1.385265000396101,-1.3650000013234198,0.025940000398791747,-1.3319491755650752,1.3669999883312325,0.022085000388246748,-1.3490891753158087
0,-0.010000002944808267,1.9317499998964323,0.01939499997339838,-0.010000002944808267,-1.9095700003758376,0.019394999973398382,1.3844999900893786,0.020679999836353394,1.3660949998438556,-1.3385000037055135,-0.009334999614997272,1.4185150002054063,-1.381499995996503,0.014170000177267966,-1.3259299999335359,1.3370000066590908,-0.021990000487631806,-1.3472199997519634
0,-0.010000002944808267,1.9317423003371434,0.019400000552069873,-0.010000002944808267,-1.909595142640587,0.019400000552069873,1.3844999900893786,0.020660000342496862,1.3660800008240717,-1.3385000037055135,-0.009344999361925316,1.4185050001345565,-1.381499995996503,0.014170000177268507,-1.325938350709781,1.3370000066590908,-0.022004999339758025,-1.3472333511068788
0,0.032499985803642426,1.967210000606252,-0.037060000184310334,0.004499991139313236,-1.8805449996866106,0.020615000468474982,1.3834999965854498,0.05269000027367111,1.3405200000877446,-1.3335000090236915,0.054584999949029656,1.3852600003606752,-1.3650000013234198,0.025940000398791747,-1.331955000247803,1.3669999883312325,0.022085000388246748,-1.3490949999985369
0,-0.004999994681822065,1.9435000006240997,0.06807000042047316,0.02299999998250711,-1.8914023857750037,0.01041500045263518,1.3515000007432123,0.0262500002362219,1.3926150003196374,-1.3504999936581343,0.02109999996305653,1.4006550002426466,-1.3635000042769672,0.0471500006511204,-1.300991175371387,1.3555000019211354,0.033050000238879454,-1.3299291753776603
0,-0.010000002944808267,1.9317425000862367,0.01940000000882361,-0.010000002944808267,-1.9095949428914931,0.019400000008823613,1.3844999900893786,0.020660000342496862,1.3660899998084304,-1.3385000037055135,-0.009344999361925316,1.418515000205406,-1.381499995996503,0.014170000177268507,-1.3259249998981109,1.3370000066590908,-0.022004999339758025,-1.3472249997873886
0,0.017000011796756143,1.9366000000790975,0.04694000010591686,-0.008500005898385607,-1.91536288619212,0.025100000193431657,1.3385000037055135,0.018450000187980188,1.3984950001498166,-1.3759999841909778,0.016200000277485714,1.3919299998123424,-1.363500004276982,0.07285000020924406,-1.315605000118556,1.342000014922062,-0.017549999916475052,-1.3397399999938622
0,-0.020499995851021552,1.9492700005721246,0.019284999737288377,-0.020499995851021552,-1.892044999058416,0.01928499973728838,1.3270000037142524,0.05883500071895569,1.415944999923934,-1.3939999894916477,0.03013500025581719,1.366140000162683,-1.34650000606136,0.07280500057980238,-1.3530049994523088,1.3675000054549056,0.011550000411244474,-1.3199949997136788
0,-0.020499995851021552,1.9492700005721246,0.019284999737288533,-0.020499995851021552,-1.892044999058416,0.019284999737288533,1.3270000037142524,0.05883500071895569,1.4159449999239335,-1.3939999894916477,0.03013500025581719,1.366139999619437,-1.34650000606136,0.07280500057980238,-1.353005000538801,1.3675000054549056,0.011550000411244474,-1.3200000002923498
0,0.017000011796756143,1.9366000000790975,0.04694499959809688,-0.008500005898385607,-1.91536288619212,0.025114999756462142,1.3385000037055135,0.018450000187980188,1.3985149997482724,-1.3759999841909778,0.016200000277485714,1.3919549999894691,-1.363500004276982,0.07285000020924406,-1.315584175329552,1.342000014922062,-0.017549999916475052,-1.3397141757126785
0,0.017000011796756143,1.9366000000790975,0.04694000010591686,-0.008500005898385607,-1.91536288619212,0.025100000193431657,1.3385000037055135,0.018450000187980188,1.3984950001498166,-1.3759999841909778,0.016200000277485714,1.3919299998123424,-1.363500004276982,0.07285000020924406,-1.315605000118556,1.342000014922062,-0.017549999916475052,-1.3397399999938622
0,0.000999993503913832,1.931250000257774,-0.016645000046353976,-0.015500001169184402,-1.907202886596957,0.016295000282814075,1.352999997789635,-0.010800000184989916,1.3545299999353433,-1.3684999989588194,0.03580000055629892,1.3730049999094431,-1.363500004276982,-0.0006000001810031463,-1.3490891753158094,1.3749999906870791,-0.015899999418717902,-1.3649341756698257
0,0.008999995859760454,1.9433499998105825,-0.011400000369216103,-0.008500005898385607,-1.8914213867753844,-0.014224999741148082,1.3444999918912492,0.006449999640984,1.3402200001352123,-1.411999994792333,0.04299999965527082,1.331484999634057,-1.3684999989588191,0.022799999195453627,-1.378154175352691,1.3394999972094122,0.04285000037828606,-1.3701441756422328
0,0.0005000035425239135,1.9409150007405875,-0.009194999957558271,0.018000005300669975,-1.9069699993354035,-0.0063600005147759694,1.322499998993805,0.0022900004347387315,1.3746850004041697,-1.3964999936231486,0.03573000002300353,1.3266999999565687,-1.376500001314666,-0.0006699999460318684,-1.3626741759549812,1.3740000107643295,0.01948000024261292,-1.3363091754908916
0,0.0005000035425239135,1.9409150007405875,-0.009194999957558271,0.018000005300669975,-1.9069699993354035,-0.0063600005147759694,1.322499998993805,0.0022900004347387315,1.3746850004041697,-1.3964999936231486,0.03573000002300353,1.3266999999565687,-1.376500001314666,-0.0006699999460318684,-1.3626741759549812,1.3740000107643295,0.01948000024261292,-1.3363091754908916
0,0.000999993503913832,1.931250000257774,-0.016645000046353976,-0.015500001169184402,-1.907202886596957,0.016295000282814075,1.352999997789635,-0.010800000184989916,1.3545299999353433,-1.3684999989588194,0.03580000055629892,1.3730049999094431,-1.363500004276982,-0.0006000001810031463,-1.3490891753158094,1.3749999906870791,-0.015899999418717902,-1.3649341756698257
0,0.0005000035425239135,1.9409150007405875,-0.00918999992213304,0.018000005300669975,-1.9069699993354035,-0.006390000184081833,1.322499998993805,0.0022900004347387315,1.3746749997900731,-1.3964999936231486,0.03573000002300353,1.3266850003935384,-1.376500001314666,-0.0006699999460318684,-1.362684999586643,1.3740000107643295,0.01948000024261292,-1.3363249997012243
0,0.008999995859760454,1.9433499998105825,-0.011410000440066854,-0.008500005898385607,-1.8914213867753844,-0.01420000010726745,1.3444999918912492,0.006449999640984,1.3402300002060628,-1.411999994792333,0.04299999965527082,1.3314950002481534,-1.3684999989588191,0.022799999195453627,-1.3781449999291429,1.3394999972094122,0.04285000037828606,-1.370135000218685
0,0.0005000035425239135,1.9409150007405875,-0.00918999992213304,0.018000005300669975,-1.9069699993354035,-0.006390000184081833,1.322499998993805,0.0022900004347387315,1.3746749997900731,-1.3964999936231486,0.03573000002300353,1.3266850003935384,-1.376500001314666,-0.0006699999460318684,-1.362684999586643,1.3740000107643295,0.01948000024261292,-1.3363249997012243
0,0.000999993503913832,1.931250000257774,-0.016655000117204728,-0.015500001169184402,-1.9072023864559569,0.01631999991669501,1.352999997789635,-0.010800000184989916,1.3545400000061942,-1.3684999989588194,0.03580000055629892,1.373014999980294,-1.363500004276982,-0.0006000001810031463,-1.3490799998922611,1.3749999906870791,-0.015899999418717902,-1.3649300002817026
0,0.000999993503913832,1.931250000257774,-0.016655000117204728,-0.015500001169184402,-1.9072023864559569,0.01631999991669501,1.352999997789635,-0.010800000184989916,1.3545400000061942,-1.3684999989588194,0.03580000055629892,1.373014999980294,-1.363500004276982,-0.0006000001810031463,-1.3490799998922611,1.3749999906870791,-0.015899999418717902,-1.3649300002817026
0,0.008999995859760468,1.9275500001659445,0.005405000267500772,-0.009000009440909507,-1.9250558861199858,0.02162499947569059,1.3729999900981023,0.04365000010744638,1.3328299999282738,-1.3490000237740096,0.001300000136084438,1.351304999902374,-1.3515000007432123,0.048750000109440195,-1.3476950004011345,1.3489999830305626,-0.0012499998649120325,-1.3934900000001083
0,-0.01600000471169323,1.9296200007904039,0.013999999776748366,-0.01600000471169323,-1.911709942377129,0.013999999776748373,1.3549999983785965,0.03285500056418636,1.3405849994617816,-1.3560000190447936,0.020685000478083283,1.3642999990775946,-1.387499997763388,0.001529999693291914,-1.3381333518224012,1.346999982441616,0.0169149998529584,-1.3693633514442927
0,-0.024499997028929785,1.9259900004636015,-0.003484999702099305,-0.00649999172825981,-1.9040649998675343,-0.019704999453535533,1.3535000013321588,0.01855499983552243,1.3180200003883376,-1.3565000090061683,0.04395500007141161,1.3721350002643982,-1.3774999948185798,-0.006709999975507544,-1.3538049996878923,1.3555000019211354,0.028490000399788218,-1.3704999995452534
0,-0.01600000471169323,1.9296200007904039,0.014015000426270019,-0.01600000471169323,-1.911709942377129,0.014015000426270026,1.3549999983785965,0.03285500056418636,1.3405900005836984,-1.3560000190447936,0.020685000478083283,1.3643000001640861,-1.387499997763388,0.001529999693291914,-1.33812999999509,1.346999982441616,0.0169149998529584,-1.3693599996169814
0,-0.01600000471169323,1.9296200007904039,0.013999999776748366,-0.01600000471169323,-1.911709942377129,0.013999999776748373,1.3549999983785965,0.03285500056418636,1.3405849994617816,-1.3560000190447936,0.020685000478083283,1.3642999990775946,-1.387499997763388,0.001529999693291914,-1.3381333518224012,1.346999982441616,0.0169149998529584,-1.3693633514442927
0,-0.024499997028929785,1.9259900004636015,-0.003525000528748018,-0.00649999172825981,-1.9040649998675343,-0.019715000067631803,1.3535000013321588,0.018560000477252314,1.3179949996679652,-1.3565000090061683,0.04395500007141161,1.372114999579451,-1.3774999948185798,-0.006709999975507544,-1.3538241757255371,1.3555000019211354,0.028490000399788218,-1.3705191761261437
0,0.008999995859760468,1.9275500001659445,0.0054299999013815645,-0.009000009440909507,-1.9250558861199858,0.021619999983511773,1.3729999900981023,0.04365000010744638,1.332844999491304,-1.3490000237740096,0.001300000136084438,1.3513249995008292,-1.3515000007432123,0.048750000109440195,-1.3476791761908011,1.3489999830305626,-0.0012499998649120325,-1.3934741757897744
0,-0.01600000471169323,1.9296200007904039,0.014015000426270019,-0.01600000471169323,-1.911709942377129,0.014015000426270026,1.3549999983785965,0.03285500056418636,1.3405900005836984,-1.3560000190447936,0.020685000478083283,1.3643000001640861,-1.387499997763388,0.001529999693291914,-1.33812999999509,1.346999982441616,0.0169149998529584,-1.3693599996169814
0,0.018000005300654903,1.9510500000847453,-0.01390500019016002,0.006999995270783724,-1.8936600004419253,-0.028249999695022305,1.381499995996488,0.045189999547667295,1.3062999999248879,-1.341499997798389,0.022744999819084642,1.3413700001343352,-1.3450000090149374,0.038584999987967786,-1.381474175515495,1.3845000036705124,0.03430000010379235,-1.3916941751297898
0,-0.02450001061007885,1.9564999996801467,-0.02516500011071414,0.002000000588961645,-1.8928788867555444,0.01119999949545121,1.3344999889464408,0.025100000145388032,1.3641549996799995,-1.3730000036792664,0.03540000069171876,1.3682449998658353,-1.3820000131201762,0.014799999599056451,-1.3533650003731907,1.3429999948448268,0.04430000055962108,-1.351820000291701
0,0.01750000175813099,1.9482799995052036,-0.007819999994035917,-0.009000009440909507,-1.8850000006464245,-0.04417999956477603,1.3564999954250343,0.04769499991922124,1.314690000154683,-1.3734999936406416,-0.006679999966456417,1.3273749998497664,-1.3420000013409128,0.042209999673039525,-1.3881849998978666,1.3600000066415827,0.03185499975033811,-1.3949299998809126
0,-0.028499998206868174,1.9470499999024136,0.012559999895943079,-0.01749998817699701,-1.8908968863208777,0.026909999436230597,1.3269999901331184,0.017000000006645172,1.3847899997469295,-1.3785000019036275,0.03440000064613546,1.4062699998250248,-1.3870000078020133,0.015200000231902405,-1.3102141758532744,1.3319999983961046,0.03375000019396076,-1.3476991757892574
0,0.01750000175813099,1.9482799995052036,-0.007810000466430808,-0.009000009440909507,-1.885050000149331,-0.04415499993089509,1.3564999954250343,0.04769499991922124,1.3146999996822881,-1.3734999936406416,-0.006679999966456417,1.327384999920617,-1.3420000013409128,0.04221500031476941,-1.388179175758384,1.3600000066415827,0.03185499975033811,-1.3949141756705794
0,0.018000005300654903,1.9510500000847453,-0.013924999788614674,0.006999995270783724,-1.8937099999448321,-0.02829499947060326,1.381499995996488,0.045189999547667295,1.3062750002910077,-1.341499997798389,0.022744999819084642,1.3413400004650295,-1.3450000090149374,0.038584999987967786,-1.3814999997966773,1.3845000036705124,0.03430000010379235,-1.3917149993755475
0,0.01750000175813099,1.9482799995052036,-0.007810000466430808,-0.009000009440909507,-1.885050000149331,-0.04415499993089509,1.3564999954250343,0.04769499991922124,1.3146999996822881,-1.3734999936406416,-0.006679999966456417,1.327384999920617,-1.3420000013409128,0.04221500031476941,-1.388179175758384,1.3600000066415827,0.03185499975033811,-1.3949141756705794
0,0.01750000175813099,1.9482799995052036,-0.007819999994035917,-0.009000009440909507,-1.8850000006464245,-0.04417999956477603,1.3564999954250343,0.04769499991922124,1.314690000154683,-1.3734999936406416,-0.006679999966456417,1.3273749998497664,-1.3420000013409128,0.042209999673039525,-1.3881849998978666,1.3600000066415827,0.03185499975033811,-1.3949299998809126
0,-0.028499998206868174,1.9470000003995072,0.0125350002620635,-0.01749998817699701,-1.8908968863208777,0.026909999979477312,1.3269999901331184,0.017000000006645172,1.3847850002547504,-1.3785000019036275,0.03440000064613546,1.406265000332846,-1.3870000078020133,0.015200000231902405,-1.3102199999927566,1.3319999983961046,0.03375000019396076,-1.347704999928739
0,-0.02450001061007885,1.9564500001772402,-0.02513999993358769,0.002000000588961645,-1.8928788867555444,0.01120999956630182,1.3344999889464408,0.025100000145388032,1.3641649997508494,-1.3730000036792664,0.03540000069171876,1.3682549999366858,-1.3820000131201762,0.014799999599056451,-1.3533541756550376,1.3429999948448268,0.04430000055962108,-1.351809175573548
0,-0.028499998206868174,1.9470499999024136,0.012559999895943079,-0.01749998817699701,-1.8908968863208777,0.026909999436230597,1.3269999901331184,0.017000000006645172,1.3847899997469295,-1.3785000019036275,0.03440000064613546,1.4062699998250248,-1.3870000078020133,0.015200000231902405,-1.3102141758532744,1.3319999983961046,0.03375000019396076,-1.3476991757892574
0,-0.028499998206868174,1.9470000003995072,0.0125350002620635,-0.01749998817699701,-1.8908968863208777,0.026909999979477312,1.3269999901331184,0.017000000006645172,1.3847850002547504,-1.3785000019036275,0.03440000064613546,1.406265000332846,-1.3870000078020133,0.015200000231902405,-1.3102199999927566,1.3319999983961046,0.03375000019396076,-1.347704999928739
0,0.03599999702017582,1.9021000004271489,-0.009515000051791851,-0.01450000766527057,-1.9077508865088473,0.04107999987419217,1.3515000007431972,0.009949999416392213,1.3615949994693777,-1.366000008408483,0.032450000057876315,1.3725049996263925,-1.37700000485719,-0.0002500005875945427,-1.3337950002463992,1.3474999859841097,-0.015649999599388318,-1.3415950006419803
0,0.03599999702017582,1.9021000004271489,-0.009535000193492765,-0.01450000766527057,-1.9077508865088473,0.04109999947264699,1.3515000007431972,0.009949999416392213,1.3615899999771974,-1.366000008408483,0.032450000057876315,1.3724999995909672,-1.37700000485719,-0.0002500005875945427,-1.3337991756345224,1.3474999859841097,-0.015649999599388318,-1.341599176030103
0,0.00850000589838562,1.9324950002492218,-0.026269999791009857,0.008500005898385607,-1.9088149995078545,-0.026269999791009857,1.3155000037230213,0.009054999786616544,1.3838099993225281,-1.3844999900893635,0.017320000359268443,1.334339999761787,-1.3719999965942036,0.02407000009075444,-1.370370000253934,1.370499999547766,-0.014944999770842935,-1.3278300003572356
0,0.03599999702017582,1.9021000004271489,-0.009535000193492765,-0.01450000766527057,-1.9077508865088473,0.04109999947264699,1.3515000007431972,0.009949999416392213,1.3615899999771974,-1.366000008408483,0.032450000057876315,1.3724999995909672,-1.37700000485719,-0.0002500005875945427,-1.3337991756345224,1.3474999859841097,-0.015649999599388318,-1.341599176030103
0,0.00850000589838562,1.9324950002492218,-0.026270000334255666,0.008500005898385607,-1.9088149995078545,-0.026270000334255666,1.3155000037230213,0.009054999786616544,1.383809999865774,-1.3844999900893635,0.017320000359268443,1.3343400003050325,-1.3719999965942036,0.02407000009075444,-1.3703699997106886,1.370499999547766,-0.014944999770842935,-1.3278300003572363
0,0.03599999702017582,1.9021000004271489,-0.009515000051791851,-0.01450000766527057,-1.9077508865088473,0.04107999987419217,1.3515000007431972,0.009949999416392213,1.3615949994693777,-1.366000008408483,0.032450000057876315,1.3725049996263925,-1.37700000485719,-0.0002500005875945427,-1.3337950002463992,1.3474999859841097,-0.015649999599388318,-1.3415950006419803
0,0.04649998992637402,1.9182999999363677,0.0339750000567562,0.0014999834652736077,-1.9093973867813443,0.015275000118256554,1.3779999847799396,-0.03185000064513899,1.3660400005406688,-1.3390000208292165,-0.019099999871889935,1.3894699997669797,-1.3350000060701293,0.006499999143890614,-1.3397991757716627,1.392999982406585,0.028350000101464955,-1.3221641757733025
0,0.04649998992637402,1.9182999999363677,0.03399500019845742,0.0014999834652736077,-1.9093973867813443,0.01525499997655562,1.3779999847799396,-0.03185000064513899,1.366045000032849,-1.3390000208292165,-0.019099999871889935,1.389474999802405,-1.3350000060701293,0.006499999143890614,-1.3397949998402943,1.392999982406585,0.028350000101464955,-1.3221599998419338
0,-0.02200000647859328,1.9282650005096826,0.02050999972454426,-0.02200000647859328,-1.9130654428168583,0.02050999972454426,1.335000006070129,-0.015134999572071955,1.3897999999320638,-1.352000004285721,0.028865000897047126,1.4007249996521085,-1.376500001314651,-0.021414999673949053,-1.3314149996813494,1.3400000007519663,0.021720000406180946,-1.3470099998938398
0,-0.030500012376963814,1.9186950006957484,0.05324999972319412,-0.03400001001236322,-1.9103949994723188,0.03527642442294096,1.3179999942733729,-0.006384999749420209,1.3787549999050581,-1.3855000107555604,-0.012409999390238695,1.3969450000329016,-1.4150000024663272,-0.0062949997222701976,-1.3080191760557134,1.3274999936756573,-0.01979000008004308,-1.3419541758290672
0,-0.02200000647859328,1.9282650005096826,0.020541424327892042,-0.02200000647859328,-1.9130659428168586,0.020541424327892036,1.335000006070129,-0.015134999572071955,1.3898099994596684,-1.352000004285721,0.028865000897047126,1.4007300002307803,-1.376500001314651,-0.021414999673949053,-1.3314083514378103,1.3400000007519663,0.021720000406180946,-1.3470083516857256
0,-0.030500012376963814,1.9186950006957484,0.053214999475217364,-0.03400001001236322,-1.9103949994723188,0.03526499941804889,1.3179999942733729,-0.006384999749420209,1.3787349997633571,-1.3855000107555604,-0.012409999390238695,1.3969299993833801,-1.4150000024663272,-0.0062949997222701976,-1.308035000266046,1.3274999936756573,-0.01979000008004308,-1.341965000547221
0,-0.030500012376963814,1.9186950006957484,0.05324999972319412,-0.03400001001236322,-1.9103949994723188,0.03527642442294096,1.3179999942733729,-0.006384999749420209,1.3787549999050581,-1.3855000107555604,-0.012409999390238695,1.3969450000329016,-1.4150000024663272,-0.0062949997222701976,-1.3080191760557134,1.3274999936756573,-0.01979000008004308,-1.3419541758290672
0,-0.030500012376963814,1.9186950006957484,0.053214999475217364,-0.03400001001236322,-1.9103949994723188,0.03526499941804889,1.3179999942733729,-0.006384999749420209,1.3787349997633571,-1.3855000107555604,-0.012409999390238695,1.3969299993833801,-1.4150000024663272,-0.0062949997222701976,-1.308035000266046,1.3274999936756573,-0.01979000008004308,-1.341965000547221
0,-0.017500001758130983,1.9219000002541191,0.03909999997017988,-0.01750000175813099,-1.9194284426500616,0.03909999997017988,1.3894999983523646,0.009525000952757476,1.3368650002676778,-1.3674999918737565,-0.036970000140989105,1.3928800000241925,-1.3715000066328138,-0.008609999524329337,-1.3332699997862223,1.335500009612638,0.005945000897127411,-1.3680149998660105
0,-0.017500001758130983,1.9219000002541191,0.039103774442815306,-0.01750000175813099,-1.9194284426500616,0.0391037744428153,1.3894999983523646,0.009525000952757476,1.336850000161402,-1.3674999918737565,-0.036970000140989105,1.3928699999533425,-1.3715000066328138,-0.008609999524329337,-1.3332883506333166,1.335500009612638,0.005945000897127411,-1.3680283506776807
0,-0.017500001758130983,1.9219000002541191,0.03909999997017988,-0.01750000175813099,-1.9194284426500616,0.03909999997017988,1.3894999983523646,0.009525000952757476,1.3368650002676778,-1.3674999918737565,-0.036970000140989105,1.3928800000241925,-1.3715000066328138,-0.008609999524329337,-1.3332699997862223,1.335500009612638,0.005945000897127411,-1.3680149998660105
0,-0.017500001758130983,1.9219000002541191,0.039103774442815306,-0.01750000175813099,-1.9194284426500616,0.0391037744428153,1.3894999983523646,0.009525000952757476,1.336850000161402,-1.3674999918737565,-0.036970000140989105,1.3928699999533425,-1.3715000066328138,-0.008609999524329337,-1.3332883506333166,1.335500009612638,0.005945000897127411,-1.3680283506776807
0,-0.017500001758146075,1.9577500003133248,-0.036231175863585985,0.004000001177923304,-1.873893186622046,-0.05122000000817503,1.346499992480211,0.0442000000172771,1.318150000222903,-1.39249999244521,0.03465000046546504,1.310274999839189,-1.3535000013321739,0.025250000190638597,-1.4165441757249413,1.3605000101841218,0.03679999983361641,-1.3685441757143106
0,0.010000002944808281,1.9733950008075145,-0.053339999817603505,-0.011499999991261098,-1.8776199991883544,-0.038356175708439695,1.3560000054636445,0.03944500050349278,1.3217749998304178,-1.3684999853776552,0.03827000027707356,1.3448300002025544,-1.3524999942471112,0.07408500045376384,-1.3866941761019982,1.353000011370784,0.03110000041888527,-1.3858641756538626
0,0.010000002944808281,1.9733900009340506,-0.053370000030154886,-0.011499999991261098,-1.8776249990618183,-0.03837500026597513,1.3560000054636445,0.0394349999882988,1.321755000231963,-1.3684999853776552,0.03826500040360947,1.3448100000608534,-1.3524999942471112,0.07407499993856989,-1.38671499980451,1.353000011370784,0.031095000545421185,-1.3858850004428667
0,-0.017500001758146075,1.9577500003133248,-0.03620500010229422,0.004000001177923304,-1.873893136684773,-0.051204999901899195,1.346499992480211,0.0442000000172771,1.3181749998567827,-1.39249999244521,0.03465000046546504,1.3103000000163152,-1.3535000013321739,0.025250000190638597,-1.416520000195118,1.3605000101841218,0.03679999983361641,-1.3685200001844868
0,-0.010500006487347266,1.9466500000378328,0.008479999780958175,0.022999999982507124,-1.8887236372021445,-0.020895000279306575,1.3489999966117114,0.0384500003313744,1.3386249996994701,-1.3544999948360577,0.024499999964384886,1.3740699998495827,-1.3685000125399684,0.03190000014804559,-1.3716950004064503,1.3635000042769823,0.034000000013290343,-1.3650950003642448
0,0.010000002944808281,1.9733950008075145,-0.053339999817603505,-0.011499999991261098,-1.8776199991883544,-0.038356175708439695,1.3560000054636445,0.03944500050349278,1.3217749998304178,-1.3684999853776552,0.03827000027707356,1.3448300002025544,-1.3524999942471112,0.07408500045376384,-1.3866941761019982,1.353000011370784,0.03110000041888527,-1.3858641756538626
0,-0.010500006487347266,1.9466500000378328,0.008453824019666711,0.022999999982507124,-1.888723687139418,-0.020909999842336147,1.3489999966117114,0.0384500003313744,1.3386000000655907,-1.3544999948360577,0.024499999964384886,1.3740449996724573,-1.3685000125399684,0.03190000014804559,-1.371719175393027,1.3635000042769823,0.034000000013290343,-1.3651191758940677
0,0.010000002944808281,1.9733900009340506,-0.053370000030154886,-0.011499999991261098,-1.8776249990618183,-0.03837500026597513,1.3560000054636445,0.0394349999882988,1.321755000231963,-1.3684999853776552,0.03826500040360947,1.3448100000608534,-1.3524999942471112,0.07407499993856989,-1.38671499980451,1.353000011370784,0.031095000545421185,-1.3858850004428667
0,-0.0010000070850628984,1.9440050001362221,0.03666499955869755,-0.0010000070850628984,-1.897328593830128,0.03666999959412279,1.3920000024838353,0.028364999721858894,1.312385000121012,-1.341499997798389,0.026079999928849202,1.383994999546771,-1.3820000131201913,0.014854999743692934,-1.3501300002693708,1.3484999930691726,0.028860000255318943,-1.3950899999280295
0,-0.0010000070850628984,1.9440050001362221,0.03666500010194351,-0.0010000070850628984,-1.897328593830128,0.03667000013736875,1.3920000024838353,0.028364999721858894,1.3123850001210124,-1.341499997798389,0.026079999928849202,1.383994999546771,-1.3820000131201913,0.014854999743692934,-1.3501299997261245,1.3484999930691726,0.028860000255318943,-1.3950899999280293
0,-0.010500006487347266,1.9466500000378328,0.008479999780958175,0.022999999982507124,-1.8887236372021445,-0.020895000279306575,1.3489999966117114,0.0384500003313744,1.3386249996994701,-1.3544999948360577,0.024499999964384886,1.3740699998495827,-1.3685000125399684,0.03190000014804559,-1.3716950004064503,1.3635000042769823,0.034000000013290343,-1.3650950003642448
0,-0.010500006487347266,1.9466500000378328,0.008453824019666711,0.022999999982507124,-1.888723687139418,-0.020909999842336147,1.3489999966117114,0.0384500003313744,1.3386000000655907,-1.3544999948360577,0.024499999964384886,1.3740449996724573,-1.3685000125399684,0.03190000014804559,-1.371719175393027,1.3635000042769823,0.034000000013290343,-1.3651191758940677
0,-0.014999997626645424,1.901900000110725,0.03947764986443135,0.018999998804568735,-1.9421926927442554,0.047424325571262506,1.3604999966029576,-0.00884999959673076,1.3476643254771528,-1.351999990704587,0,1.387144325423424,-1.3969999971656724,0.020850000143725234,-1.3208098501196646,1.3370000066590757,-0.023649999964052155,-1.365429850085635
0,-0.014999997626645424,1.901900000110725,0.03948000048951652,0.018999998804568735,-1.9421927426815286,0.04744999991657325,1.3604999966029576,-0.00884999959673076,1.3476650001885833,-1.351999990704587,0,1.3871450001348538,-1.3969999971656724,0.020850000143725234,-1.320809999512292,1.3370000066590757,-0.023649999964052155,-1.3654300000215078
0,-0.014999997626645424,1.901900000110725,0.03948000048951652,0.018999998804568735,-1.9421927426815286,0.04744999991657325,1.3604999966029576,-0.00884999959673076,1.3476650001885833,-1.351999990704587,0,1.3871450001348538,-1.3969999971656724,0.020850000143725234,-1.320809999512292,1.3370000066590757,-0.023649999964052155,-1.3654300000215078
0,-0.014999997626645424,1.901900000110725,0.03947764986443135,0.018999998804568735,-1.9421926927442554,0.047424325571262506,1.3604999966029576,-0.00884999959673076,1.3476643254771528,-1.351999990704587,0,1.387144325423424,-1.3969999971656724,0.020850000143725234,-1.3208098501196646,1.3370000066590757,-0.023649999964052155,-1.365429850085635
0,0.012999997037683772,1.9109299997617568,0.024134999875306,0.004000001177938389,-1.9186649999184335,0.009330000370794421,1.3370000066590908,0.00453499970350503,1.3944749999166888,-1.3515000007431972,-0.023645000858853033,1.4023799999697082,-1.345999988937687,-0.00922000022052559,-1.343554999861046,1.3949999965767108,-0.009635000473763793,-1.3122799999203272
0,0.012999997037683772,1.9109299997617568,0.024158675618885454,0.004000001177938389,-1.9186649999184335,0.009332000059016812,1.3370000066590908,0.00453499970350503,1.3944786755185667,-1.3515000007431972,-0.023645000858853033,1.4023786760794068,-1.345999988937687,-0.00922000022052559,-1.3435605002259614,1.3949999965767108,-0.009635000473763793,-1.3122805002498175
0,0.005000008262986209,1.9096000003848874,-0.00674499998304591,-0.027500004702946793,-1.920884786242002,-0.0037499999499007106,1.354999998378604,-0.016050000232235143,1.366505000032498,-1.337999986581833,-0.016649999644971616,1.4238700001186548,-1.3639999942383572,0.018799999781387078,-1.3119699998969439,1.3765000148958226,-0.015549999825310155,-1.329945000131239
0,-0.008500005898385607,1.9256049994511482,0.007486175920938087,0.0344999999737456,-1.924939999378581,0.010201999704063082,1.3600000066415752,0.007349999912488289,1.3489211754293098,-1.3684999853776703,-0.002665000163733538,1.4134561752501846,-1.3714999930516871,-0.0031649998023927095,-1.322108000342705,1.3750000042682207,-0.009204999831868396,-1.3681630001540541
0,0.005000008262986209,1.9096000003848874,-0.006743500081067791,-0.027500004702946793,-1.9208846364301821,-0.003724323974853741,1.354999998378604,-0.016050000232235143,1.3665106758658445,-1.337999986581833,-0.016649999644971616,1.42386567588115,-1.3639999942383572,0.018799999781387078,-1.3119684999949661,1.3765000148958226,-0.015549999825310155,-1.3299434996860147
0,-0.008500005898385607,1.9256049994511482,0.007464999651825725,0.0344999999737456,-1.924939999378581,0.010199999472594146,1.3600000066415752,0.007349999912488289,1.3489199998451444,-1.3684999853776703,-0.002665000163733538,1.413449999630594,-1.3714999930516871,-0.0031649998023927095,-1.3221100000309272,1.3750000042682207,-0.009204999831868396,-1.3681600003500975
0,0.005000008262986209,1.9096000003848874,-0.006743500081067791,-0.027500004702946793,-1.9208846364301821,-0.003724323974853741,1.354999998378604,-0.016050000232235143,1.3665106758658445,-1.337999986581833,-0.016649999644971616,1.42386567588115,-1.3639999942383572,0.018799999781387078,-1.3119684999949661,1.3765000148958226,-0.015549999825310155,-1.3299434996860147
0,0.005000008262986209,1.9096000003848874,-0.00674499998304591,-0.027500004702946793,-1.920884786242002,-0.0037499999499007106,1.354999998378604,-0.016050000232235143,1.366505000032498,-1.337999986581833,-0.016649999644971616,1.4238700001186548,-1.3639999942383572,0.018799999781387078,-1.3119699998969439,1.3765000148958226,-0.015549999825310155,-1.329945000131239
0,-0.016499994673083176,1.9281349999582882,0.017570050059702164,-0.0020000141701107116,-1.9329199994811226,0.023080000006017655,1.3380000001629895,-0.03175999908145735,1.3744596755787115,-1.347000009603899,0.025960000660913012,1.3791946754451943,-1.381999999539027,-0.014184999797661066,-1.3076895002084417,1.36649999836985,-0.00010499964754309373,-1.366784500057085
0,-0.009499999402291903,1.9352900001960838,0.02166500030233854,0.0004999899613748471,-1.932364998929562,-0.00011500027153493048,1.3425000048834366,-0.019079999609767806,1.3691350001958278,-1.3575000025100974,0.007170000626453236,1.379780000105041,-1.3725000001367427,0.02372500037080992,-1.3355999999970198,1.3774999948185647,0.021065000848806272,-1.376439999800536
0,-0.016499994673083176,1.9281349999582882,0.017570000081077196,-0.0020000141701107116,-1.932969999752295,0.023074999970591842,1.3380000001629895,-0.03175999908145735,1.3744599998965241,-1.347000009603899,0.025960000660913012,1.3791900002708268,-1.381999999539027,-0.014184999797661066,-1.3076899999946863,1.36649999836985,-0.00010499964754309373,-1.3667799998079038
0,-0.009499999402291903,1.9352900001960838,0.021665049737717247,0.0004999899613748471,-1.932364998929562,-0.00011500027153524967,1.3425000048834366,-0.019079999609767806,1.3691346753347688,-1.3575000025100974,0.007170000626453236,1.3797746752085573,-1.3725000001367427,0.02372500037080992,-1.3355995002107752,1.3774999948185647,0.021065000848806272,-1.3764445000497179
0,-0.026000007656524132,1.9391500000800939,0.02125999960587545,0.01549998758803535,-1.8977690866772954,-0.03791000023090122,1.3634999906958332,0.03774999960802644,1.3142449997180639,-1.3520000042857285,0.01559999932821676,1.361209999457861,-1.3550000119597456,0.03940000010578444,-1.3751150001912675,1.3670000019123743,0.02584999960337593,-1.3734000005350562
0,-0.026000007656524132,1.9391500000800939,0.021267999988503393,0.01549998758803535,-1.8977691366145684,-0.03790450040923125,1.3634999906958332,0.03774999960802644,1.3142516751238986,-1.3520000042857285,0.01559999932821676,1.3612166748636962,-1.3550000119597456,0.03940000010578444,-1.375107500681375,1.3670000019123743,0.02584999960337593,-1.3733925004819185
0,0.016499981091941646,1.9483200000294478,-0.02576800036298158,-0.025000014152617836,-1.8974149999101266,0.0334080001681999,1.3754999942296107,0.03202999993117489,1.2962366751494483,-1.3475000131464228,0.05846500009516087,1.3700266753529844,-1.3635000042769747,0.02914999983062612,-1.3426125002455798,1.334499988946441,0.02486499994645068,-1.4161825005201418
0,0.016499981091941646,1.9483200000294478,-0.02577000005120498,-0.025000014152617836,-1.8974149999101266,0.033404999820996914,1.3754999942296107,0.03202999993117489,1.2962349997790379,-1.3475000131464228,0.05846500009516087,1.3700249999825744,-1.3635000042769747,0.02914999983062612,-1.3426150002632928,1.334499988946441,0.02486499994645068,-1.4161849999946088
0,-0.026000007656524132,1.9391500000800939,0.021267999988503393,0.01549998758803535,-1.8977691366145684,-0.03790450040923125,1.3634999906958332,0.03774999960802644,1.3142516751238986,-1.3520000042857285,0.01559999932821676,1.3612166748636962,-1.3550000119597456,0.03940000010578444,-1.375107500681375,1.3670000019123743,0.02584999960337593,-1.3733925004819185
0,0.016499981091941646,1.9483200000294478,-0.02577000005120498,-0.025000014152617836,-1.8974149999101266,0.033404999820996914,1.3754999942296107,0.03202999993117489,1.2962349997790379,-1.3475000131464228,0.05846500009516087,1.3700249999825744,-1.3635000042769747,0.02914999983062612,-1.3426150002632928,1.334499988946441,0.02486499994645068,-1.4161849999946088
0,-0.026000007656524132,1.9391500000800939,0.02125999960587545,0.01549998758803535,-1.8977690866772954,-0.03791000023090122,1.3634999906958332,0.03774999960802644,1.3142449997180639,-1.3520000042857285,0.01559999932821676,1.361209999457861,-1.3550000119597456,0.03940000010578444,-1.3751150001912675,1.3670000019123743,0.02584999960337593,-1.3734000005350562
0,0.016499981091941646,1.9483200000294478,-0.02576800036298158,-0.025000014152617836,-1.8974149999101266,0.0334080001681999,1.3754999942296107,0.03202999993117489,1.2962366751494483,-1.3475000131464228,0.05846500009516087,1.3700266753529844,-1.3635000042769747,0.02914999983062612,-1.3426125002455798,1.334499988946441,0.02486499994645068,-1.4161825005201418
0,0.00000000000000753563877964325,1.9261949991169578,0.029541999831029377,0.00499999468183715,-1.8933800006135464,-0.027458999957800406,1.3825000030815584,0.04547500001777534,1.3046411756992753,-1.3204999984048436,-0.03764000008702013,1.3876811751635558,-1.3544999948360728,0.027419999820911235,-1.3377579998583808,1.3765000013146735,0.019199999645968097,-1.3902030003970585
0,0.00000000000000753563877964325,1.9261949991169578,0.029539999599560662,0.00499999468183715,-1.8933800006135464,-0.02746000061678014,1.3825000030815584,0.04547500001777534,1.3046400001151093,-1.3204999984048436,-0.03764000008702013,1.3876799995793898,-1.3544999948360728,0.027419999820911235,-1.3377600000898495,1.3765000013146735,0.019199999645968097,-1.390205000628527
0,-0.02649999761789898,1.9482499994961542,-0.007257000568416307,-0.014499994084121517,-1.9164499998904518,0.024148999865847405,1.3249999895441569,0.0036000003177521778,1.384194175229987,-1.337499996620458,0.004700000137413649,1.3879491752153137,-1.3695000060438671,0.004550000092163081,-1.3257650003942398,1.354999998378604,0.017350000368318727,-1.3496450000925952
0,0.00000000000000753563877964325,1.9261949991169578,0.029541999831029377,0.00499999468183715,-1.8933800006135464,-0.027458999957800406,1.3825000030815584,0.04547500001777534,1.3046411756992753,-1.3204999984048436,-0.03764000008702013,1.3876811751635558,-1.3544999948360728,0.027419999820911235,-1.3377579998583808,1.3765000013146735,0.019199999645968097,-1.3902030003970585
0,-0.02649999761789898,1.9482499994961542,-0.007254999793701845,-0.014499994084121517,-1.9164499998904518,0.024155000017007072,1.3249999895441569,0.0036000003177521778,1.3841949998772902,-1.337499996620458,0.004700000137413649,1.3879499998626166,-1.3695000060438671,0.004550000092163081,-1.3257650003942403,1.354999998378604,0.017350000368318727,-1.3496450000925955
0,0.00000000000000753563877964325,1.9261949991169578,0.029539999599560662,0.00499999468183715,-1.8933800006135464,-0.02746000061678014,1.3825000030815584,0.04547500001777534,1.3046400001151093,-1.3204999984048436,-0.03764000008702013,1.3876799995793898,-1.3544999948360728,0.027419999820911235,-1.3377600000898495,1.3765000013146735,0.019199999645968097,-1.390205000628527
0,-0.02649999761789898,1.9482499994961542,-0.007254999793701845,-0.014499994084121517,-1.9164499998904518,0.024155000017007072,1.3249999895441569,0.0036000003177521778,1.3841949998772902,-1.337499996620458,0.004700000137413649,1.3879499998626166,-1.3695000060438671,0.004550000092163081,-1.3257650003942403,1.354999998378604,0.017350000368318727,-1.3496450000925955
0,-0.021499989354920312,1.94470000021784,-0.006745000526291574,0.011000010029871173,-1.9024500000205555,-0.006545000195772796,1.3239999960402504,0.05640000088069542,1.4001399998533202,-1.3449999954337808,0.022400000867405935,1.3943299999758478,-1.3750000042682282,0.008650000816839393,-1.3042900003515696,1.3600000066415827,0.037650000602214094,-1.3335750003174254
0,-0.014999997626652953,1.9339550001774861,-0.00011550060102530346,-0.014999997626652967,-1.9073650000947846,-0.00011500027153522885,1.3699999960052496,-0.00005499937637068464,1.3433763507248249,-1.3329999919000033,0.03026500003894563,1.3742663506540271,-1.3575000025100898,0.025450000507061588,-1.354372000119695,1.3339999989850662,0.03806500008718649,-1.3807070003712334
0,0.0074999988133227155,1.9486750002645852,-0.011378499782290497,-0.025000000571468776,-1.8868450000506098,-0.011578999899053262,1.3794999954075338,0.03545000019462537,1.3258871758578548,-1.3504999936581419,0.06291499964497912,1.32794217575,-1.3089999984135974,0.03373000070010444,-1.4104519997934921,1.3699999960052496,0.0313349998495568,-1.3785420002429776
0,-0.02649999761789898,1.9482499994961542,-0.007257000568416307,-0.014499994084121517,-1.9164499998904518,0.024148999865847405,1.3249999895441569,0.0036000003177521778,1.384194175229987,-1.337499996620458,0.004700000137413649,1.3879491752153137,-1.3695000060438671,0.004550000092163081,-1.3257650003942398,1.354999998378604,0.017350000368318727,-1.3496450000925952
0,-0.014999997626652953,1.9339550001774861,-0.00011000023610970022,-0.014999997626652967,-1.9073650000947846,-0.00011000023610970022,1.3699999960052496,-0.00005499937637068464,1.3434049998847801,-1.3329999919000033,0.03026500003894563,1.374269999636856,-1.3575000025100898,0.025450000507061588,-1.3543700004314725,1.3339999989850662,0.03806500008718649,-1.380705000139765
0,-0.021499989354920312,1.94470000021784,-0.0067470002145147145,0.011000010029871173,-1.9024500000205555,-0.006545999768261868,1.3239999960402504,0.05640000088069542,1.4001391752060162,-1.3449999954337808,0.022400000867405935,1.3943291753285443,-1.3750000042682282,0.008650000816839393,-1.3042900003515703,1.3600000066415827,0.037650000602214094,-1.3335749997741801
0,0.0074999988133227155,1.9486750002645852,-0.01137500019208966,-0.025000000571468776,-1.8868450000506098,-0.01157500052260843,1.3794999954075338,0.03545000019462537,1.3259149998272606,-1.3504999936581419,0.06291499964497912,1.3279449995422794,-1.3089999984135974,0.03373000070010444,-1.4104249999281435,1.3699999960052496,0.0313349998495568,-1.37854000001151
0,-0.03085001214052034,1.9594499995457233,0.00018500022424338541,-0.02045000364545256,-1.881000000464093,-0.04789000031776698,1.3332499936712727,0.012099999552809396,1.3407049997687424,-1.36824999718755,0.03939999933751949,1.3454549997414995,-1.379900000957786,0.04224999942901797,-1.3684200000192273,1.3502500054680289,0.05369999929791676,-1.3834399999605336
0,-0.008600003890665106,1.9518124423747283,-0.03530999973687672,-0.008600003890665092,-1.8895200007295374,-0.035309999736876714,1.344600003464678,0.015785000024247084,1.350885000729373,-1.38269999906611,0.022914999358190576,1.3187249999508408,-1.3406499944923236,0.03378499930820911,-1.389214999590029,1.3676000034471851,0.045219999556716406,-1.360949999788731
0,0.014150007901721579,1.9499799995058682,-0.042261999774089336,0.0037499994066538256,-1.8922350003961765,0.005818500046343843,1.384700013236213,0.02946500030978616,1.336312175838094,-1.3500499959023284,0.07017999940378149,1.349252176253374,-1.3193499875408132,0.04876499972983242,-1.3654419997805811,1.3518500005067386,0.0087999993255592,-1.3866670002249717
0,-0.008600003890665106,1.951799999542733,-0.03531499977230134,-0.008600003890665092,-1.8895250006030013,-0.03531499977230135,1.344600003464678,0.01578500002424707,1.3508800001507026,-1.38269999906611,0.022909999484726603,1.3187249999508415,-1.3407000002790341,0.033799999696866936,-1.3891899999561477,1.3676000034471851,0.04522499943018038,-1.3609449997533054
0,-0.03085001214052034,1.9594499995457233,0.0001869999124654298,-0.02045000364545256,-1.881000000464093,-0.04789050010401099,1.3332499936712727,0.012099999552809396,1.340705676109909,-1.36824999718755,0.03939999933751949,1.3454556755394216,-1.379900000957786,0.04224999942901797,-1.3684184995740036,1.3502500054680289,0.05369999929791676,-1.3834385000585554
0,0.014150007901721579,1.9499799995058682,-0.04226500012129217,0.0037499994066538256,-1.8922350003961765,0.005815000456143429,1.384700013236213,0.02946500030978616,1.336330000279896,-1.3500499959023284,0.07017999940378149,1.349250000010229,-1.3193499875408132,0.04876499972983242,-1.365419999950657,1.3518500005067386,0.0087999993255592,-1.3866699994856826
0,-0.008600003890665106,1.9518124423747283,-0.03530999973687612,-0.008600003890665092,-1.8895200007295374,-0.03530999973687611,1.344600003464678,0.015785000024247084,1.350885000186128,-1.38269999906611,0.022914999358190576,1.3187249999508412,-1.3406499944923236,0.03378499930820911,-1.389194999991573,1.3676000034471851,0.045219999556716406,-1.3609499997887307
0,-0.008600003890665106,1.951799999542733,-0.035314999772301944,-0.008600003890665092,-1.8895250006030013,-0.03531499977230195,1.344600003464678,0.01578500002424707,1.3508800006939476,-1.38269999906611,0.022909999484726603,1.3187250004940867,-1.3407000002790341,0.033799999696866936,-1.389214999590029,1.3676000034471851,0.04522499943018038,-1.3609449997533059
0,-0.005100006255258166,1.9609999995011376,-0.011869999896469897,-0.030900004346081783,-1.8738500008680268,-0.06241999950362624,1.3258000006446604,0.02679999937778682,1.3261450009135765,-1.384649993868361,0.03839999929193619,1.3392400002540565,-1.4002999988165206,0.08294999967088686,-1.3635199995269582,1.3374500044148965,0.023949999286288347,-1.392439999622999
0,-0.00499999468183715,1.9582799999610332,-0.05514250009375629,0.02080000340898648,-1.8895249998347357,-0.004585499676459728,1.3776500121787039,0.034475000284628264,1.3307986757797083,-1.3425499970890056,0.019305000061776142,1.3400636756899744,-1.3473499957862916,0.04660999971995117,-1.38349050010103,1.3469500038171884,0.055889999958577324,-1.3869904993661604
0,-0.005100006255258166,1.9609999995011376,-0.011871499798447642,-0.030900004346081783,-1.8738500008680268,-0.06242449975280727,1.3258000006446604,0.02679999937778682,1.3261426758210506,-1.384649993868361,0.03839999929193619,1.3392376757047755,-1.4002999988165206,0.08294999967088686,-1.3635214999721814,1.3374500044148965,0.023949999286288347,-1.3924415000682222
0,-0.00499999468183715,1.9582799999610332,-0.0551400000760436,0.02080000340898648,-1.8895249998347357,-0.004585000433462022,1.3776500121787039,0.034475000284628264,1.3307750000361285,-1.3425499970890056,0.019305000061776142,1.3400650001235206,-1.3473499957862916,0.04660999971995117,-1.383514999948667,1.3469500038171884,0.055889999958577324,-1.3869900001231619
0,-0.015199993611196866,1.9241500001646155,0.03628000009042821,-0.014499994084121504,-1.9044999996146297,-0.02636499992084326,1.3610999981377687,-0.02820000005621523,1.3306099999535868,-1.3783499981246377,0.00005000027117155886,1.3514649999494912,-1.3630999987267227,0.018600000233230767,-1.352454999901497,1.3415999957906686,0.07180000066075416,-1.3713799998043954
0,-0.015199993611196866,1.9241500001646155,0.03627899997469303,-0.014499994084121504,-1.9044999996146297,-0.02636699960906658,1.3610999981377687,-0.02820000005621523,1.3306296757774752,-1.3783499981246377,0.00005000027117155886,1.3514696756671034,-1.3630999987267227,0.018600000233230767,-1.3524595001506783,1.3415999957906686,0.07180000066075416,-1.3713845000535767
0,0.01050000648733973,1.9386049992754606,0.00011100035184405908,0.009800006960264368,-1.9154150007306208,0.06275300001591268,1.375750009582014,0.02373999999120216,1.3893986753807246,-1.3625500029786375,0.02767499951370405,1.3613836751777062,-1.346199998503395,0.007980000102541712,-1.3361604999481722,1.373100001671546,-0.021125000098642738,-1.341030500227891
0,0.005600009797782066,1.9385149992483104,0.029833000371691648,0.023799997501854436,-1.9112600006295737,0.009318500397966008,1.3754500020240417,-0.007714999894554084,1.3538321755649192,-1.357850002273631,0.021374999149705663,1.3555571763784724,-1.3249999895441569,0.04204000013393264,-1.3539219996476506,1.3590999975487994,0.011979999516608254,-1.381062000170198
0,-0.015199993611196866,1.9241500001646155,0.03627899997469303,-0.014499994084121504,-1.9044999996146297,-0.02636699960906658,1.3610999981377687,-0.02820000005621523,1.3306296757774752,-1.3783499981246377,0.00005000027117155886,1.3514696756671034,-1.3630999987267227,0.018600000233230767,-1.3524595001506783,1.3415999957906686,0.07180000066075416,-1.3713845000535767
0,0.01050000648733973,1.9386049992754606,0.00011000023611030044,0.009800006960264368,-1.9154150007306208,0.06275500024738177,1.375750009582014,0.02373999999120216,1.389414999920548,-1.3625500029786375,0.02767499951370405,1.3613850001544998,-1.346199998503395,0.007980000102541712,-1.336180000303629,1.373100001671546,-0.021125000098642738,-1.3410300004416469
0,-0.015199993611196866,1.9241500001646155,0.03628000009042821,-0.014499994084121504,-1.9044999996146297,-0.02636499992084326,1.3610999981377687,-0.02820000005621523,1.3306099999535868,-1.3783499981246377,0.00005000027117155886,1.3514649999494912,-1.3630999987267227,0.018600000233230767,-1.352454999901497,1.3415999957906686,0.07180000066075416,-1.3713799998043954
0,0.005600009797782066,1.9385149992483104,0.029830000024488216,0.023799997501854436,-1.9112600006295737,0.009315000264518425,1.3754500020240417,-0.007714999894554084,1.3538500000067204,-1.357850002273631,0.021374999149705663,1.3555549995920804,-1.3249999895441569,0.04204000013393264,-1.3539049998531523,1.3590999975487994,0.011979999516608254,-1.3810649999741549
0,0.026100005648796082,1.9281500003469467,-0.01457999954011216,0.006950003065229818,-1.9071999996608766,-0.04499499990663536,1.334499988946441,0.021850000189309396,1.3800950001638497,-1.3312000144578913,0.012450000682747903,1.3466300004609955,-1.3522000138514292,0.015099999689557584,-1.3945899996449782,1.3643499940018984,-0.00019999954815717869,-1.3356249996308995
0,0.026100005648796082,1.9281500003469467,-0.014573499602708373,0.006950003065229818,-1.9071999996608766,-0.044992499888922746,1.334499988946441,0.021850000189309396,1.3800966760775055,-1.3312000144578913,0.012450000682747903,1.3466316758314045,-1.3522000138514292,0.015099999689557584,-1.3945624999933848,1.3643499940018984,-0.00019999954815717869,-1.3356224996131871
0,0.026100005648796082,1.9281500003469467,-0.01457999954011216,0.006950003065229818,-1.9071999996608766,-0.04499499990663536,1.334499988946441,0.021850000189309396,1.3800950001638497,-1.3312000144578913,0.012450000682747903,1.3466300004609955,-1.3522000138514292,0.015099999689557584,-1.3945899996449782,1.3643499940018984,-0.00019999954815717869,-1.3356249996308995
0,-0.0079499965691361,1.9276199999309722,-0.01460499971723831,-0.007949996569136114,-1.913689999826105,-0.01460499971723831,1.3765500071013763,-0.004264999622053319,1.374490000109076,-1.3630999987267227,0.011745000085936708,1.3448850000489867,-1.3409999942558497,0.032095000591004494,-1.3627399999763208,1.3620000072305518,0.005290000571488637,-1.3422299997085307
0,0.026100005648796082,1.9281500003469467,-0.014573499602708373,0.006950003065229818,-1.9071999996608766,-0.044992499888922746,1.334499988946441,0.021850000189309396,1.3800966760775055,-1.3312000144578913,0.012450000682747903,1.3466316758314045,-1.3522000138514292,0.015099999689557584,-1.3945624999933848,1.3643499940018984,-0.00019999954815717869,-1.3356224996131871
0,-0.0079499965691361,1.9276199999309722,-0.014609999752663541,-0.007949996569136114,-1.913689999826105,-0.014609999752663541,1.3765500071013763,-0.004264999622053319,1.374485000616896,-1.3630999987267227,0.011745000085936708,1.3448800005568071,-1.3409999942558497,0.032095000591004494,-1.3627449994685006,1.3620000072305518,0.005290000571488637,-1.342234999743956
0,-0.04600001354614823,1.9210500002537865,-0.027930000144034538,-0.02925000352065403,-1.8986999996575546,-0.02221500039639661,1.3342999929618897,0.01794999978105521,1.354514999829068,-1.3943000106307846,0.025749999829296072,1.3429199997080046,-1.4037000120407894,-0.031200000192964282,-1.3615899999771974,1.3275999916679142,0.036599999517192575,-1.36092500015485
0,0.022650000218958133,1.9482049998667117,-0.006498499974967452,0.005899990193463961,-1.9147299996276659,-0.012215499954073554,1.3657499930560566,-0.00728999989438857,1.393950175468188,-1.3376500003994556,0.04127499951902089,1.3709951758045569,-1.3568000029830143,0.021460000071657395,-1.3334989996703124,1.3888999968175388,0.05292999957780758,-1.316828999446832
0,-0.04600001354614823,1.9210500002537865,-0.027933000491236933,-0.02925000352065403,-1.8986999996575546,-0.02221850052984345,1.3342999929618897,0.01794999978105521,1.354512675279787,-1.3943000106307846,0.025749999829296072,1.342917675158723,-1.4037000120407894,-0.031200000192964282,-1.361591500422422,1.3275999916679142,0.036599999517192575,-1.3609265006000746
0,0.022650000218958133,1.9482049998667117,-0.006500000420191693,0.005899990193463961,-1.9147299996276659,-0.012215000167829622,1.3657499930560566,-0.00728999989438857,1.3939499999997569,-1.3376500003994556,0.04127499951902089,1.3709949997928799,-1.3568000029830143,0.021460000071657395,-1.3334999997860466,1.3888999968175388,0.05292999957780758,-1.3168300001058122
0,0.0028999961005960057,1.9259099994151136,0.006755000597142943,0.0028999961005959987,-1.9154100000888907,0.0067550005971429294,1.3435999963796301,0.012334999751745889,1.4027700005598955,-1.3632500025057128,0.02747000009208364,1.3503950005171719,-1.3487000026348883,0.017914999898541697,-1.3653449994192788,1.3592499877466402,0.04612999957514832,-1.3370899996888312
0,-0.008950003654191463,1.9321799997700637,-0.031141999758950663,0.02954999749748498,-1.9078500001130514,0.03071550010530013,1.3764499955279554,0.011170000040519778,1.3896041760761593,-1.3285500065474083,0.019515000125128135,1.3597491758745441,-1.3256000046601015,-0.009539999804883903,-1.363959999928152,1.3811499962329616,0.028419999866494544,-1.3403499999697779
0,0.0028999961005960057,1.9259099994151136,0.006752000249939882,0.0028999961005959987,-1.9154100000888907,0.00675500005389669,1.3435999963796301,0.012334999751745889,1.402766851363312,-1.3632500025057128,0.02747000009208364,1.3503918513205881,-1.3487000026348883,0.017914999898541697,-1.3653464998645028,1.3592499877466402,0.04612999957514832,-1.3370915001340555
0,-0.008950003654191463,1.9321799997700637,-0.031139999527481983,0.02954999749748498,-1.9078500001130514,0.030715000319056156,1.3764499955279554,0.011170000040519778,1.3896050001802163,-1.3285500065474083,0.019515000125128135,1.3597499999786011,-1.3256000046601015,-0.009539999804883903,-1.3639599999281518,1.3811499962329616,0.028419999866494544,-1.3403499999697774
0,-0.005450006018792072,1.9554900006559013,-0.006795000880544778,-0.0054500060187920585,-1.8858449992367614,-0.006795000880544778,1.3595499953046204,0.019350000459484477,1.362244999185449,-1.3581000040449007,0.04617000009939344,1.3580399992713241,-1.371000016671454,0.0032000004531720326,-1.3583650004874737,1.3630999851455736,0.0552500000215966,-1.3479200003655332
0,0.022650000218958133,1.9482049998667117,-0.006498499974967452,0.005899990193463961,-1.9147299996276659,-0.012215499954073554,1.3657499930560566,-0.00728999989438857,1.393950175468188,-1.3376500003994556,0.04127499951902089,1.3709951758045569,-1.3568000029830143,0.021460000071657395,-1.3334989996703124,1.3888999968175388,0.05292999957780758,-1.316828999446832
0,-0.005450006018792072,1.9554900006559013,-0.006796499696031313,-0.0054500060187920585,-1.8858449992367614,-0.006798999713743932,1.3595499953046204,0.019350000459484477,1.3622428511910907,-1.3581000040449007,0.04617000009939344,1.358037851276966,-1.371000016671454,0.0032000004531720326,-1.3583654997304726,1.3630999851455736,0.0552500000215966,-1.3479204996085319
0,0.022650000218958133,1.9482049998667117,-0.006500000420191693,0.005899990193463961,-1.9147299996276659,-0.012215000167829622,1.3657499930560566,-0.00728999989438857,1.3939499999997569,-1.3376500003994556,0.04127499951902089,1.3709949997928799,-1.3568000029830143,0.021460000071657395,-1.3334999997860466,1.3888999968175388,0.05292999957780758,-1.3168300001058122
0,-0.00849999231723278,1.912250000159963,0.0066894992638783235,0.02389999549413016,-1.9356999998075932,0.020761999554292747,1.3275000072567913,0.029000000553640506,1.3876471750313129,-1.340250002523217,-0.02920000010179853,1.3968421755321172,-1.3770000048571935,0.012250000366324922,-1.3263220002119458,1.3624499914052088,0.0016000002265855878,-1.33217200037282
0,0.03115000611733998,1.9157499991671054,0.002432999636767831,-0.0012499816940229613,-1.9189450005150785,-0.011645000475315984,1.3609000157343587,-0.019360000206412632,1.3719326753845982,-1.35024999188688,0.01856999945591467,1.3522476755295176,-1.3466499826780594,0.002259999657423491,-1.370761500202854,1.3947000025998875,0.013299999146549016,-1.315866499689665
0,0.03115000611733998,1.9157499991671054,0.0024299998328108294,-0.0012499816940229613,-1.9189450005150785,-0.011644999932070625,1.3609000157343587,-0.019360000206412632,1.3719300004416994,-1.35024999188688,0.01856999945591467,1.3522500000787985,-1.3466499826780594,0.002254999783959412,-1.370764999793055,1.3947000025998875,0.013299999146549016,-1.315864999787687
0,0.03115000611733998,1.9157499991671054,0.0024299998328108294,-0.0012499816940229613,-1.9189450005150785,-0.011644999932070625,1.3609000157343587,-0.019360000206412632,1.3719300004416994,-1.35024999188688,0.01856999945591467,1.3522500000787985,-1.3466499826780594,0.002254999783959412,-1.370764999793055,1.3947000025998875,0.013299999146549016,-1.315864999787687
0,-0.00849999231723278,1.912250000159963,0.0066950001720395835,0.02389999549413016,-1.9356999998075932,0.020764999901495808,1.3275000072567913,0.029000000553640506,1.3876500004533305,-1.340250002523217,-0.02920000010179853,1.3968449998676427,-1.3770000048571935,0.012250000366324922,-1.3263199999804773,1.3624499914052088,0.0016000002265855878,-1.3321700001413515
0,0.03115000611733998,1.9157499991671054,0.002432999636767831,-0.0012499816940229613,-1.9189450005150785,-0.011645000475315984,1.3609000157343587,-0.019360000206412632,1.3719326753845982,-1.35024999188688,0.01856999945591467,1.3522476755295176,-1.3466499826780594,0.002259999657423491,-1.370761500202854,1.3947000025998875,0.013299999146549016,-1.315866499689665
0,0.003949995391212796,1.936675000485856,-0.030184324568777073,0.003949995391212803,-1.9046559429636771,-0.030183324453042858,1.3404499985077682,0.028239999812192825,1.3667003512644542,-1.392050008270557,-0.002009999838093912,1.29175035153419,-1.3353999980392206,0.028999999785375548,-1.4172679998449809,1.3927000020109221,-0.010260000022087337,-1.3551779999631925
0,-0.027900010253210074,1.9150199999712387,0.01946300023788384,-0.017650005537128532,-1.9271200002923132,-0.01363882435819224,1.363449998490266,0.017649999690554065,1.357181175281295,-1.3424500126778809,-0.004409999793839811,1.3449961753260165,-1.3558500016846675,0.012189999579958543,-1.3713880001870233,1.3781999943456493,0.01067000040186146,-1.3531530002835988
0,0.003949995391212796,1.936675000485856,-0.030204999965154265,0.003949995391212803,-1.9046559429636771,-0.030204999965154265,1.3404499985077682,0.028239999812192825,1.3667000003275915,-1.392050008270557,-0.002009999838093912,1.2917500005973277,-1.3353999980392206,0.028999999785375548,-1.4172699995332025,1.3927000020109221,-0.010260000022087337,-1.3551799996514156
0,-0.027900010253210074,1.9150199999712387,0.01945999989068055,-0.017650005537128532,-1.9271200002923132,-0.013649999469963404,1.363449998490266,0.017649999690554065,1.3571800002403744,-1.3424500126778809,-0.004409999793839811,1.3449950002850963,-1.3558500016846675,0.012189999579958543,-1.3713899998752463,1.3781999943456493,0.01067000040186146,-1.3531549999718218
0,-0.027900010253210074,1.9150199999712387,0.01946300023788384,-0.017650005537128532,-1.9271200002923132,-0.01363882435819224,1.363449998490266,0.017649999690554065,1.357181175281295,-1.3424500126778809,-0.004409999793839811,1.3449961753260165,-1.3558500016846675,0.012189999579958543,-1.3713880001870233,1.3781999943456493,0.01067000040186146,-1.3531530002835988
0,-0.027900010253210074,1.9150199999712387,0.01945999989068055,-0.017650005537128532,-1.9271200002923132,-0.013649999469963404,1.363449998490266,0.017649999690554065,1.3571800002403744,-1.3424500126778809,-0.004409999793839811,1.3449950002850963,-1.3558500016846675,0.012189999579958543,-1.3713899998752463,1.3781999943456493,0.01067000040186146,-1.3531549999718218
0,0.008399994324957055,1.933875000665529,-0.02731967585030659,-0.0024999905503440417,-1.8953099994031528,0.004145000032267532,1.3667000079355507,0.01838000042295146,1.3889849995902042,-1.3450999934260603,-0.020879999384510572,1.3393499999469207,-1.346700002045919,0.0020000008594315537,-1.3771091755542524,1.3771000028494693,0.021255000650036132,-1.3295791756141209
0,-0.03849998757053116,1.954500000357246,-0.02554077414090373,-0.027600002695230053,-1.8989759429935575,-0.05700495023723379,1.3408500040580185,-0.0002499998193295841,1.337814225846758,-1.375299998245059,0.036349999697862984,1.2986642260655716,-1.3628499969554628,0.016549999870892604,-1.4087349504345261,1.3683000029742605,0.01809999982630578,-1.3562749497895732
0,0.008399994324957055,1.933875000665529,-0.027315000132693834,-0.0024999905503440417,-1.8953099994031528,0.004149999524447251,1.3667000079355507,0.01838500029641554,1.3889900001688753,-1.3450999934260603,-0.020879999384510572,1.3393600000177712,-1.346700002045919,0.0020000008594315537,-1.3771050001661296,1.3771000028494693,0.021255000650036132,-1.3295700001905737
0,-0.03849998757053116,1.954500000357246,-0.025545000086805117,-0.027600002695230053,-1.8989759429935575,-0.057009999743946195,1.3408500040580185,-0.0002499998193295841,1.3378149999362816,-1.375299998245059,0.036349999697862984,1.2986600001196695,-1.3628499969554628,0.016549999870892604,-1.4087399993979923,1.3683000029742605,0.01809999982630578,-1.3562799998395314
0,-0.03849998757053116,1.954500000357246,-0.02554077414090373,-0.027600002695230053,-1.8989759429935575,-0.05700495023723379,1.3408500040580185,-0.0002499998193295841,1.337814225846758,-1.375299998245059,0.036349999697862984,1.2986642260655716,-1.3628499969554628,0.016549999870892604,-1.4087349504345261,1.3683000029742605,0.01809999982630578,-1.3562749497895732
0,0.008399994324957055,1.933875000665529,-0.027315000132693834,-0.0024999905503440417,-1.8953099994031528,0.004149999524447251,1.3667000079355507,0.01838500029641554,1.3889900001688753,-1.3450999934260603,-0.020879999384510572,1.3393600000177712,-1.346700002045919,0.0020000008594315537,-1.3771050001661296,1.3771000028494693,0.021255000650036132,-1.3295700001905737
0,-0.03849998757053116,1.954500000357246,-0.025545000086805117,-0.027600002695230053,-1.8989759429935575,-0.057009999743946195,1.3408500040580185,-0.0002499998193295841,1.3378149999362816,-1.375299998245059,0.036349999697862984,1.2986600001196695,-1.3628499969554628,0.016549999870892604,-1.4087399993979923,1.3683000029742605,0.01809999982630578,-1.3562799998395314
0,0.008399994324957055,1.933875000665529,-0.02731967585030659,-0.0024999905503440417,-1.8953099994031528,0.004145000032267532,1.3667000079355507,0.01838000042295146,1.3889849995902042,-1.3450999934260603,-0.020879999384510572,1.3393499999469207,-1.346700002045919,0.0020000008594315537,-1.3771091755542524,1.3771000028494693,0.021255000650036132,-1.3295791756141209
0,-0.002000000588961645,1.919004942913248,-0.042675000309934236,-0.01050000648733218,-1.9007650004085497,-0.012934999836608826,1.3695000060438671,0.03641500035769387,1.3761299997771534,-1.3509999972006732,0.028830000246268028,1.3230899999120829,-1.329999997807143,-0.002369999946695834,-1.3878641762428217,1.3750000042682282,0.0031200001729495552,-1.3674841758095972
0,-0.002000000588961645,1.919004942913248,-0.042675000309934236,-0.01050000648733218,-1.9007650004085497,-0.012934999836608826,1.3695000060438671,0.03641500035769387,1.3761299997771534,-1.3509999972006732,0.028830000246268028,1.3230899999120829,-1.329999997807143,-0.002369999946695834,-1.3878641762428217,1.3750000042682282,0.0031200001729495552,-1.3674841758095972
0,-0.002000000588961645,1.919004942913248,-0.04266000020365884,-0.01050000648733218,-1.9007650004085497,-0.012960000556981252,1.3695000060438671,0.03641500035769387,1.3761149996708777,-1.3509999972006732,0.028830000246268028,1.3230749998058071,-1.329999997807143,-0.002369999946695834,-1.3878749998744837,1.3750000042682282,0.0031200001729495552,-1.3674950005277497
0,-0.002000000588961645,1.919004942913248,-0.04266000020365884,-0.01050000648733218,-1.9007650004085497,-0.012960000556981252,1.3695000060438671,0.03641500035769387,1.3761149996708777,-1.3509999972006732,0.028830000246268028,1.3230749998058071,-1.329999997807143,-0.002369999946695834,-1.3878749998744837,1.3750000042682282,0.0031200001729495552,-1.3674950005277497
0,0.006499991728274895,1.9379550003598174,-0.0083200002770875,-0.03850000115166137,-1.9009049999386067,-0.01065500052330999,1.3444999918912643,0.007385000563268461,1.330855000059687,-1.3799999989500504,0.031304999840506095,1.352504999712504,-1.3660000084084678,-0.001575000091000242,-1.3899141755562963,1.3275000072568064,-0.001584999837928397,-1.3645441756228838
0,0.006499991728274895,1.9379550003598174,-0.00834999994639278,-0.03850000115166137,-1.9009049999386067,-0.010649999944638638,1.3444999918912643,0.007385000563268461,1.3308450005320824,-1.3799999989500504,0.031304999840506095,1.3524950001848994,-1.3660000084084678,-0.001575000091000242,-1.3899249997312038,1.3275000072568064,-0.001584999837928397,-1.3645549997977908
0,-0.004999994681837143,1.9443300011305749,0.010554999814804927,-0.02750000470295434,-1.8803899997678968,-0.004705000197176526,1.3445000054723983,0.029585001114250983,1.3535750002313143,-1.3709999895091558,0.01634000057580684,1.356565000229034,-1.3540000048746978,0.025310000977003696,-1.380494999738395,1.3270000037142675,0.026135000841749786,-1.3416349998388912
0,0.006499991728274895,1.9379550003598174,-0.00834999994639278,-0.03850000115166137,-1.9009049999386067,-0.010649999944638638,1.3444999918912643,0.007385000563268461,1.3308450005320824,-1.3799999989500504,0.031304999840506095,1.3524950001848994,-1.3660000084084678,-0.001575000091000242,-1.3899249997312038,1.3275000072568064,-0.001584999837928397,-1.3645549997977908
0,0.006499991728274895,1.9379550003598174,-0.0083200002770875,-0.03850000115166137,-1.9009049999386067,-0.01065500052330999,1.3444999918912643,0.007385000563268461,1.330855000059687,-1.3799999989500504,0.031304999840506095,1.352504999712504,-1.3660000084084678,-0.001575000091000242,-1.3899141755562963,1.3275000072568064,-0.001584999837928397,-1.3645441756228838
0,-0.004999994681837143,1.9443300011305749,0.010584999484110194,-0.02750000470295434,-1.8803899997678968,-0.0047100002326016105,1.3445000054723983,0.029585001114250983,1.353584999758919,-1.3709999895091558,0.01634000057580684,1.3565749997566388,-1.3540000048746978,0.025310000977003696,-1.3804841755634882,1.3270000037142675,0.026135000841749786,-1.3416241762072292
0,-0.020999999393530387,1.9672148875446513,-0.04058000013438671,0.001500010627586805,-1.8907149989132819,-0.025285000417674897,1.3540000048746976,0.08185000061949077,1.3497049994312063,-1.3454999989763121,0.03646500062886607,1.3338049997740042,-1.3419999877597637,0.044030000478169795,-1.4058341758984456,1.3765000013146658,0.024930000606280395,-1.3511641758929014
0,0.016500008254232236,1.9362449429922939,-0.021739999747225666,-0.013000010618832825,-1.8887400004942334,-0.015845000354016148,1.364000007819506,0.005670000173946022,1.347069999775697,-1.3369999930779417,0.010659999886667285,1.3122249995306494,-1.3424999913023028,0.0439550000714116,-1.3766199999893547,1.375999997772127,-0.008295000581701323,-1.3789750003772783
0,0.03599999702019088,1.9663498863873965,-0.015540000366058557,0.021000012974694525,-1.8957700000540987,-0.04087500059474009,1.3715000066328438,0.03542000018557486,1.3353749994893742,-1.3089999984135974,0.015664999988046255,1.3508949997137314,-1.3314999948535657,0.07258500000125664,-1.3806950006121606,1.3620000072305443,0.04268000007091324,-1.3900750002507163
0,-0.020999999393530387,1.9672148875446513,-0.0405800001343873,0.001500010627586805,-1.8907149989132819,-0.02531500008698062,1.3540000048746976,0.08185000061949077,1.3496949999036016,-1.3454999989763121,0.03646500062886607,1.3337950002463992,-1.3419999877597637,0.044030000478169795,-1.4058450000733536,1.3765000013146658,0.024935001248010277,-1.3511750000678093
0,0.016500008254232236,1.9362449429922939,-0.021759999888926587,-0.013000010618832825,-1.8887400004942334,-0.015819999633644027,1.364000007819506,0.005670000173946022,1.347084999881973,-1.3369999930779417,0.010659999886667285,1.3122350001447454,-1.3424999913023028,0.0439550000714116,-1.3766141758498722,1.375999997772127,-0.008295000581701323,-1.3789641756591253
0,0.03599999702019088,1.9663498863873965,-0.015529999751962432,0.021000012974694525,-1.8957700000540987,-0.040835000311337945,1.3715000066328438,0.03542000018557486,1.3353949996310752,-1.3089999984135974,0.01567000062977615,1.3509149998554324,-1.3314999948535657,0.07258500000125664,-1.3806741758231569,1.3620000072305443,0.04267499942918336,-1.3900541760049578
0,0.008000002355861693,1.9425750002170084,-0.0065950000067795805,-0.04300000587212368,-1.8889300002954628,-0.002349999266006708,1.3379999865818555,0.0332000002841296,1.3477150005428358,-1.4029999989325574,0.02807000027308594,1.3437250005222592,-1.3805000024925893,0.05656000067287415,-1.3685091749230873,1.3265000001717435,0.02299499963841295,-1.3719841750975825
0,0.008000002355861693,1.9425750002170084,-0.006600000042205269,-0.04300000587212368,-1.8889300002954628,-0.002325000175372627,1.3379999865818555,0.0332000002841296,1.347730000105865,-1.4029999989325574,0.02807000027308594,1.3437399995420427,-1.3805000024925893,0.05656000067287415,-1.368495000007361,1.3265000001717435,0.02299499963841295,-1.371970000181856
0,0.03599999702019088,1.9663498863873965,-0.015529999751962432,0.021000012974694525,-1.8957700000540987,-0.040835000311337945,1.3715000066328438,0.03542000018557486,1.3353949996310752,-1.3089999984135974,0.01567000062977615,1.3509149998554324,-1.3314999948535657,0.07258500000125664,-1.3806741758231569,1.3620000072305443,0.04267499942918336,-1.3900541760049578
0,0.0005000171236729661,1.9218698873100053,0.00660000004220497,0.003000007674009472,-1.917559999457042,0.003405000221786955,1.3360000131551768,-0.014399999734476072,1.405025000239314,-1.3574999889289483,0.0127150001224694,1.3517350002327173,-1.3449999818526241,-0.015339999761958802,-1.360704175578574,1.3830000066240746,0.015235000114416017,-1.3115391754625438
0,0.03599999702019088,1.9663498863873965,-0.015540000366058557,0.021000012974694525,-1.8957700000540987,-0.04087500059474009,1.3715000066328438,0.03542000018557486,1.3353749994893742,-1.3089999984135974,0.015664999988046255,1.3508949997137314,-1.3314999948535657,0.07258500000125664,-1.3806950006121606,1.3620000072305443,0.04268000007091324,-1.3900750002507163
0,0.0005000171236729661,1.9218698873100053,0.006579999900504202,0.003000007674009472,-1.917559999457042,0.003404999678541444,1.3360000131551768,-0.014399999734476072,1.4050149996252177,-1.3574999889289483,0.0127150001224694,1.3517249996186211,-1.3449999818526241,-0.015339999761958802,-1.3607150002967268,1.3830000066240746,0.015230000240951946,-1.3115500001806977
0,0.0005000171236729661,1.9218698873100053,0.00660000004220497,0.003000007674009472,-1.917559999457042,0.003405000221786955,1.3360000131551768,-0.014399999734476072,1.405025000239314,-1.3574999889289483,0.0127150001224694,1.3517350002327173,-1.3449999818526241,-0.015339999761958802,-1.360704175578574,1.3830000066240746,0.015235000114416017,-1.3115391754625438
0,0.0005000171236729661,1.9218698873100053,0.006579999900504202,0.003000007674009472,-1.917559999457042,0.003404999678541444,1.3360000131551768,-0.014399999734476072,1.4050149996252177,-1.3574999889289483,0.0127150001224694,1.3517249996186211,-1.3449999818526241,-0.015339999761958802,-1.3607150002967268,1.3830000066240746,0.015230000240951946,-1.3115500001806977
0,-0.01950000234712279,1.9130549997625874,0.03647000035009547,-0.01750000175814606,-1.9310699994352079,0.0314550006727824,1.3374999966204504,0.000545000036366651,1.4145300002202545,-1.3559999918825254,-0.0024450003534538106,1.37556000008464,-1.3505000072393134,0.047664999910170536,-1.3604641755078986,1.369500006043852,0.005144999631435915,-1.2877691754570535
0,-0.025499990532843624,1.9268100004548834,0.018454999832399177,-0.025499990532843617,-1.914514999690851,0.0184599998678244,1.3624999971919194,0.02627000049834317,1.3665749999852062,-1.3750000042682282,0.0017900007960804099,1.3924599997646991,-1.400000004839712,0.017965000169713682,-1.314004999647389,1.3650000149045538,-0.017750000232898883,-1.3227200000068426
0,-0.01950000234712279,1.9130549997625874,0.036484999913125954,-0.01750000175814606,-1.9310699994352079,0.03142499991698522,1.3374999966204504,0.000545000036366651,1.4145249996415838,-1.3559999918825254,-0.0024450003534538106,1.3755549995059693,-1.3505000072393134,0.047664999910170536,-1.3604700001906265,1.369500006043852,0.005144999631435915,-1.287775000139781
0,-0.01950000234712279,1.9130549997625874,0.036484999913125954,-0.01750000175814606,-1.9310699994352079,0.03142499991698522,1.3374999966204504,0.000545000036366651,1.4145249996415838,-1.3559999918825254,-0.0024450003534538106,1.3755549995059693,-1.3505000072393134,0.047664999910170536,-1.3604700001906265,1.369500006043852,0.005144999631435915,-1.287775000139781
0,-0.025499990532843624,1.9268100004548834,0.018454999832398872,-0.025499990532843617,-1.914514999690851,0.01845999986782411,1.3624999971919194,0.02627000049834317,1.3665749999852057,-1.3750000042682282,0.0017900007960804099,1.3924599997646991,-1.400000004839712,0.017965000169713682,-1.3140050001906345,1.3650000149045538,-0.017755000106362967,-1.3227200005500888
0,-0.01950000234712279,1.9130549997625874,0.03647000035009547,-0.01750000175814606,-1.9310699994352079,0.0314550006727824,1.3374999966204504,0.000545000036366651,1.4145300002202545,-1.3559999918825254,-0.0024450003534538106,1.37556000008464,-1.3505000072393134,0.047664999910170536,-1.3604641755078986,1.369500006043852,0.005144999631435915,-1.2877691754570535
0,-0.006500005309423948,1.9201398865320245,-0.0058249994405015215,-0.008500005898400692,-1.9184150000991043,-0.0008149997986136581,1.340499990713326,0.01854999996205867,1.394420000070257,-1.3385000037055286,-0.03128000047318623,1.3707900005134275,-1.3660000084084678,0.010670000401861137,-1.3746341754026141,1.370499999547766,-0.014034999752410265,-1.3007741752463695
0,-0.025499990532843624,1.9267974439195585,0.0184599998678244,-0.025499990532843617,-1.9145349991847072,0.018454999832399163,1.3624999971919194,0.02627000049834328,1.3665800000206312,-1.3750000042682282,0.0017850009226164365,1.3924649998001244,-1.400000004839712,0.017950000549321762,-1.3139949995765385,1.3650000149045538,-0.017764999853290914,-1.3227200000068426
0,-0.006500005309423948,1.9201398865320245,-0.005860000231724546,-0.008500005898400692,-1.9184150000991043,-0.0008100003064342581,1.340499990713326,0.01854999996205867,1.3944049994207344,-1.3385000037055286,-0.03128000047318623,1.37077499932066,-1.3660000084084678,0.010670000401861137,-1.3746500006994387,1.370499999547766,-0.014034999752410265,-1.3007900005431945
0,-0.006500005309423948,1.9201398865320245,-0.005860000231724546,-0.008500005898400692,-1.9184150000991043,-0.0008100003064342581,1.340499990713326,0.01854999996205867,1.3944049994207344,-1.3385000037055286,-0.03128000047318623,1.37077499932066,-1.3660000084084678,0.010670000401861137,-1.3746500006994387,1.370499999547766,-0.014034999752410265,-1.3007900005431945
0,-0.025499990532843624,1.9267974439195585,0.018459999867824095,-0.025499990532843617,-1.9145349991847072,0.018454999832398872,1.3624999971919194,0.02627000049834328,1.366580000020631,-1.3750000042682282,0.0017850009226164365,1.3924649998001244,-1.400000004839712,0.017950000549321762,-1.31399500066303,1.3650000149045538,-0.017764999853290914,-1.3227200005500888
0,-0.006500005309423948,1.9201398865320245,-0.0058249994405015215,-0.008500005898400692,-1.9184150000991043,-0.0008149997986136581,1.340499990713326,0.01854999996205867,1.394420000070257,-1.3385000037055286,-0.03128000047318623,1.3707900005134275,-1.3660000084084678,0.010670000401861137,-1.3746341754026141,1.370499999547766,-0.014034999752410265,-1.3007741752463695
0,0.004500004720447218,1.9355199997532915,0.05429999955705767,-0.034499986392604085,-1.8963499999729798,0.048654999762127754,1.3549999983785965,0.0019499998199937613,1.4090774996162145,-1.36549999128481,-0.004805000553222125,1.3849050000184653,-1.3549999983785965,0.029274999740290065,-1.3518841761049263,1.3390000072480372,0.01244500004101802,-1.3031341756697186
0,0.006499991728274895,1.9350749994910035,0.008049999993860413,-0.010500006487347266,-1.9060000000671358,0.050004999548523804,1.3564999818438852,0.008555000147958649,1.4028399994261114,-1.3630000007344583,0.0074449998131032175,1.3769449995757674,-1.347000009603899,-0.003050000407921031,-1.3433016761409966,1.3674999918737565,0.007539999713717729,-1.3041741759759775
0,0.004500004720447218,1.9355199997532915,0.054325000277429786,-0.034499986392604085,-1.8963499999729798,0.04867499990382882,1.3549999983785965,0.0019499998199937613,1.409099999775628,-1.36549999128481,-0.004805000553222125,1.3849249996169197,-1.3549999983785965,0.029274999740290065,-1.3518650000672827,1.3390000072480372,0.01244500004101802,-1.3031150001753207
0,0.006499991728274895,1.9350749994910035,0.00805999952146521,-0.010500006487347266,-1.9060000000671358,0.0500449998319258,1.3564999818438852,0.008555000147958649,1.4028574995501,-1.3630000007344583,0.0074449998131032175,1.3769649997174684,-1.347000009603899,-0.003050000407921031,-1.3432800006288856,1.3674999918737565,0.007539999713717729,-1.3041550004815796
0,-0.002999994092875491,1.9163198864039939,0.019574999618970274,0.0034999976353843193,-1.922570000200151,-0.026865000203895303,1.3674999918737565,-0.0007049998285455954,1.3786749998814998,-1.3325000019386284,-0.024654999883099327,1.3788049997160652,-1.3625000107730683,0.007929999831369623,-1.3584591759700055,1.37700000485719,0.04106500022393511,-1.3230191758553187
0,-0.002999994092875491,1.9163198864039939,0.01957000012679115,0.0034999976353843193,-1.922570000200151,-0.02685999962522395,1.3674999918737565,-0.0007049998285455954,1.3786750004247459,-1.3325000019386284,-0.024654999883099327,1.378805000259311,-1.3625000107730683,0.007929999831369623,-1.3584600000740628,1.37700000485719,0.04106500022393511,-1.3230199999593748
0,0.006499991728274895,1.9350749994910035,0.008049999993860413,-0.010500006487347266,-1.9060000000671358,0.050004999548523804,1.3564999818438852,0.008555000147958649,1.4028399994261114,-1.3630000007344583,0.0074449998131032175,1.3769449995757674,-1.347000009603899,-0.003050000407921031,-1.3433016761409966,1.3674999918737565,0.007539999713717729,-1.3041741759759775
0,0.006499991728274895,1.9350749994910035,0.00805999952146521,-0.010500006487347266,-1.9060000000671358,0.0500449998319258,1.3564999818438852,0.008555000147958649,1.4028574995501,-1.3630000007344583,0.0074449998131032175,1.3769649997174684,-1.347000009603899,-0.003050000407921031,-1.3432800006288856,1.3674999918737565,0.007539999713717729,-1.3041550004815796
0,-0.004999994681822065,1.9434950007506346,0.06807000042047316,0.02299999998250711,-1.8914049991214357,0.01041500045263518,1.3515000007432123,0.026250000236220622,1.3926200003550626,-1.3504999936581343,0.0210650008488067,1.4006600002780718,-1.3635000042769672,0.04714500000938924,-1.3009811753005365,1.3555000019211354,0.03302000099809456,-1.329924175342235
0,0.0010000070850628984,1.9243019996287634,0.01105500009785577,0.0010000070850628984,-1.9170250007041352,0.011055000097855767,1.2860000120122543,0.022580000153440555,1.4336299997333006,-1.3849999936319026,0.016269999274247562,1.3804349998565382,-1.3544999948360577,-0.030884999713804668,-1.3614100003316265,1.3860000142980993,0.025474999874381128,-1.2882899999858628
0,-0.004999994681822065,1.9434950007506346,0.068085000526749,0.02299999998250711,-1.8914049991214357,0.010409999873963686,1.3515000007432123,0.026250000236220622,1.3926249998472415,-1.3504999936581343,0.0210650008488067,1.4006650003134975,-1.3635000042769672,0.04714500000938924,-1.3009750002241913,1.3555000019211354,0.03302000099809456,-1.3299199999541125
0,0.0010000070850628984,1.9243064995022046,0.011055000641101882,0.0010000070850628984,-1.9170200008306713,0.011055000641101882,1.2860000120122543,0.022585000026904632,1.4336280000450778,-1.3849999936319026,0.016274999147711647,1.3804350003997843,-1.3544999948360577,-0.030879999840340587,-1.3614099997883797,1.3860000142980993,0.025479999747845213,-1.2882899994426165
0,0.022499996439968126,1.9416370003766898,0.005199999901556462,-0.001000007085047827,-1.89400500016187,-0.02946500015467323,1.3370000066590757,0.004715000526071482,1.385289999486735,-1.347499999565289,0.026364999630692082,1.372859999968603,-1.3699999960052418,0.01045000059158216,-1.3562491760661692,1.3684999989588043,0.033360000076308766,-1.3299591755902118
0,0.022499996439968126,1.9416370003766898,0.005199999901556462,-0.001000007085047827,-1.89400500016187,-0.02946500015467323,1.3370000066590757,0.004715000526071482,1.385289999486735,-1.347499999565289,0.026364999630692082,1.372859999968603,-1.3699999960052418,0.01045000059158216,-1.3562491760661692,1.3684999989588043,0.033360000076308766,-1.3299591755902118
0,0.022499996439968126,1.9416366501884872,0.005180000303101204,-0.001000007085047827,-1.89400500016187,-0.02946499961142772,1.3370000066590757,0.004715000526071482,1.3852799999591303,-1.347499999565289,0.026364999630692082,1.372850000440998,-1.3699999960052418,0.01045000059158216,-1.3562600002410763,1.3684999989588043,0.033360000076308766,-1.3299699997651193
0,0.022499996439968126,1.9416366501884872,0.005180000303101204,-0.001000007085047827,-1.89400500016187,-0.02946499961142772,1.3370000066590757,0.004715000526071482,1.3852799999591303,-1.347499999565289,0.026364999630692082,1.372850000440998,-1.3699999960052418,0.01045000059158216,-1.3562600002410763,1.3684999989588043,0.033360000076308766,-1.3299699997651193
0,-0.010000002944808267,1.9317499998964323,0.019400000552069873,-0.010000002944808267,-1.9095700003758376,0.019400000552069873,1.3844999900893786,0.020679999836353394,1.3660850008594976,-1.3385000037055135,-0.009334999614997272,1.4185050001345565,-1.381499995996503,0.014170000177267966,-1.325938350709781,1.3370000066590908,-0.021990000487631806,-1.3472283510714536
0,-0.004999994681822065,1.9434950007506346,0.06807000042047316,0.02299999998250711,-1.8914049991214357,0.01041500045263518,1.3515000007432123,0.026250000236220622,1.3926200003550626,-1.3504999936581343,0.0210650008488067,1.4006600002780718,-1.3635000042769672,0.04714500000938924,-1.3009811753005365,1.3555000019211354,0.03302000099809456,-1.329924175342235
0,-0.010000002944808267,1.9317499998964323,0.01939499997339838,-0.010000002944808267,-1.9095700003758376,0.019394999973398382,1.3844999900893786,0.020679999836353394,1.3660949998438556,-1.3385000037055135,-0.009334999614997272,1.4185150002054063,-1.381499995996503,0.014170000177267966,-1.3259299999335359,1.3370000066590908,-0.021990000487631806,-1.3472199997519634
0,-0.004999994681822065,1.9434950007506346,0.068085000526749,0.02299999998250711,-1.8914049991214357,0.010409999873963686,1.3515000007432123,0.026250000236220622,1.3926249998472415,-1.3504999936581343,0.0210650008488067,1.4006650003134975,-1.3635000042769672,0.04714500000938924,-1.3009750002241913,1.3555000019211354,0.03302000099809456,-1.3299199999541125
0,-0.010000002944808267,1.9317423003371434,0.019400000552069873,-0.010000002944808267,-1.909595142640587,0.019400000552069873,1.3844999900893786,0.020660000342496862,1.3660800008240717,-1.3385000037055135,-0.009344999361925316,1.4185050001345565,-1.381499995996503,0.014170000177268507,-1.325938350709781,1.3370000066590908,-0.022004999339758025,-1.3472333511068788
0,0.032499985803642426,1.9672175008910824,-0.03704499953478822,0.004499991139313236,-1.8805399990448812,0.02061000043304976,1.3834999965854498,0.052700000788865185,1.3405350001940206,-1.3335000090236915,0.05459000059075869,1.3852600003606756,-1.3650000013234198,0.025945001040521422,-1.3319491755650752,1.3669999883312325,0.022090001029976103,-1.3490841752803835
0,-0.010000002944808267,1.9317425000862367,0.01940000000882361,-0.010000002944808267,-1.9095949428914931,0.019400000008823613,1.3844999900893786,0.020660000342496862,1.3660899998084304,-1.3385000037055135,-0.009344999361925316,1.418515000205406,-1.381499995996503,0.014170000177268507,-1.3259249998981109,1.3370000066590908,-0.022004999339758025,-1.3472249997873886
0,0.032499985803642426,1.9672176507029024,-0.037070000255160794,0.004499991139313236,-1.8805399990448812,0.02061000043304976,1.3834999965854498,0.052700000788865185,1.3405200000877446,-1.3335000090236915,0.05459000059075869,1.3852500002898247,-1.3650000013234198,0.025945001040521422,-1.3319600002832281,1.3669999883312325,0.022090001029976103,-1.3490949999985369
0,0.017000011796756143,1.936565000196583,0.04694499959809688,-0.008500005898385607,-1.9153899998267687,0.025109999721036308,1.3385000037055135,0.018450000187980188,1.3985249998191227,-1.3759999841909778,0.01615499987977738,1.3919549999894691,-1.363500004276982,0.07284500033577998,-1.3155791752941268,1.342000014922062,-0.017570000178597178,-1.3397141757126785
0,0.017000011796756143,1.936565000196583,0.04694000010591686,-0.008500005898385607,-1.9153899998267687,0.025090000122581196,1.3385000037055135,0.018450000187980188,1.3985050002206671,-1.3759999841909778,0.01615499987977738,1.3919349998477677,-1.363500004276982,0.07284500033577998,-1.3156000000831307,1.342000014922062,-0.017570000178597178,-1.339734999958437
0,-0.020499995851021552,1.9492925007709787,0.01928999977271421,-0.020499995851021552,-1.8920499428484816,0.019289999772714214,1.3270000037142524,0.058825000203761836,1.415944999923934,-1.3939999894916477,0.03014500077101094,1.3661350001272579,-1.34650000606136,0.07281000045326583,-1.3530099994877345,1.3675000054549056,0.011574999778564334,-1.3199949997136788
0,-0.020499995851021552,1.9492925007709787,0.019289999772713763,-0.020499995851021552,-1.8920499428484816,0.019289999772713763,1.3270000037142524,0.058825000203761836,1.4159449999239335,-1.3939999894916477,0.03014500077101094,1.3661349995840117,-1.34650000606136,0.07281000045326583,-1.3530100005742263,1.3675000054549056,0.011574999778564334,-1.3200000002923498
0,0.017000011796756143,1.936565000196583,0.04694499959809688,-0.008500005898385607,-1.9153899998267687,0.025109999721036308,1.3385000037055135,0.018450000187980188,1.3985249998191227,-1.3759999841909778,0.01615499987977738,1.3919549999894691,-1.363500004276982,0.07284500033577998,-1.3155791752941268,1.342000014922062,-0.017570000178597178,-1.3397141757126785
0,0.017000011796756143,1.936565000196583,0.04694000010591686,-0.008500005898385607,-1.9153899998267687,0.025090000122581196,1.3385000037055135,0.018450000187980188,1.3985050002206671,-1.3759999841909778,0.01615499987977738,1.3919349998477677,-1.363500004276982,0.07284500033577998,-1.3156000000831307,1.342000014922062,-0.017570000178597178,-1.339734999958437
0,0.000999993503913832,1.9312749996250949,-0.016650000081779207,-0.015500001169184402,-1.9071850000404842,0.016295000282814075,1.352999997789635,-0.010784999796331851,1.354525000443164,-1.3684999989588194,0.035809999534961265,1.3729999998740179,-1.363500004276982,-0.0005949995392728336,-1.3490941753512347,1.3749999906870791,-0.015890000440055126,-1.3649391751620048
0,0.008999995859760454,1.943349999810583,-0.011410000440066556,-0.008500005898385607,-1.8914399997722153,-0.01422000024896837,1.3444999918912492,0.0064150005267362975,1.3402200001352123,-1.411999994792333,0.042959999899293236,1.3314900002127281,-1.3684999989588191,0.022760000207742256,-1.378149999964568,1.3394999972094122,0.042819999600970396,-1.3701450002895355
0,0.000999993503913832,1.9312749996250949,-0.01666000015262966,-0.015500001169184402,-1.9071850000404842,0.01631499988126978,1.352999997789635,-0.010784999796331851,1.3545299999353435,-1.3684999989588194,0.035809999534961265,1.3730049999094436,-1.363500004276982,-0.0005949995392728336,-1.3490899999631116,1.3749999906870791,-0.015890000440055126,-1.3649400003525531
0,0.008999995859760454,1.943349999810583,-0.011400000369216103,-0.008500005898385607,-1.8914399997722153,-0.014239999847423773,1.3444999918912492,0.0064150005267362975,1.340215000099787,-1.411999994792333,0.042959999899293236,1.331484999634057,-1.3684999989588191,0.022760000207742256,-1.3781591753881162,1.3394999972094122,0.042819999600970396,-1.370149175677658
0,0.0005000035425239135,1.940923500287161,-0.00918499988670781,0.018000005300669975,-1.9069449999680828,-0.006355000479350739,1.322499998993805,0.0023000001816674137,1.3746850004041697,-1.3964999936231486,0.03573999976993275,1.3266999999565687,-1.376500001314666,-0.0006599994308375823,-1.3626741759549812,1.3740000107643295,0.019485000116077428,-1.3363091754908913
0,0.0005000035425239135,1.940923500287161,-0.00918499988670781,0.018000005300669975,-1.9069449999680828,-0.006355000479350739,1.322499998993805,0.0023000001816674137,1.3746850004041697,-1.3964999936231486,0.03573999976993275,1.3266999999565687,-1.376500001314666,-0.0006599994308375823,-1.3626741759549812,1.3740000107643295,0.019485000116077428,-1.3363091754908913
0,0.0005000035425239135,1.940923500287161,-0.00917999985128258,0.018000005300669975,-1.9069449999680828,-0.006380000113231081,1.322499998993805,0.0023000001816674137,1.3746749997900731,-1.3964999936231486,0.03573999976993275,1.3266900004289637,-1.376500001314666,-0.0006599994308375823,-1.3626849995866428,1.3740000107643295,0.019485000116077428,-1.336319999665799
0,0.0005000035425239135,1.940923500287161,-0.00917999985128258,0.018000005300669975,-1.9069449999680828,-0.006380000113231081,1.322499998993805,0.0023000001816674137,1.3746749997900731,-1.3964999936231486,0.03573999976993275,1.3266900004289637,-1.376500001314666,-0.0006599994308375823,-1.3626849995866428,1.3740000107643295,0.019485000116077428,-1.336319999665799
0,0.000999993503913832,1.9312749996250949,-0.016650000081779207,-0.015500001169184402,-1.9071850000404842,0.016295000282814075,1.352999997789635,-0.010784999796331851,1.354525000443164,-1.3684999989588194,0.035809999534961265,1.3729999998740179,-1.363500004276982,-0.0005949995392728336,-1.3490941753512347,1.3749999906870791,-0.015890000440055126,-1.3649391751620048
0,0.000999993503913832,1.9312749996250949,-0.01666000015262966,-0.015500001169184402,-1.9071850000404842,0.01631499988126978,1.352999997789635,-0.010784999796331851,1.3545299999353435,-1.3684999989588194,0.035809999534961265,1.3730049999094436,-1.363500004276982,-0.0005949995392728336,-1.3490899999631116,1.3749999906870791,-0.015890000440055126,-1.3649400003525531
0,-0.01600000471169323,1.929587500076356,0.013999999776748366,-0.01600000471169323,-1.9117400000061107,0.013999999776748373,1.3549999983785965,0.03284999992245627,1.3405899994972068,-1.3560000190447936,0.02067499919462383,1.3642899995499902,-1.387499997763388,0.0014999996842416236,-1.3381433518932517,1.346999982441616,0.016889999717372407,-1.369368351479718
0,0.008999995859760468,1.927499999894772,0.005434999936806795,-0.009000009440909507,-1.925069999929975,0.021625000018937003,1.3729999900981023,0.04362499997186017,1.332844999491304,-1.3490000237740096,0.0012699993587687794,1.3513250000440753,-1.3515000007432123,0.048724999973853544,-1.3476791761908011,1.3489999830305626,-0.0012850005156922056,-1.3934791758251996
0,-0.01600000471169323,1.929587500076356,0.014010000390844796,-0.01600000471169323,-1.9117400000061107,0.014010000390844796,1.3549999983785965,0.03284999992245627,1.3405900000404527,-1.3560000190447936,0.02067499919462383,1.3642850000578104,-1.387499997763388,0.0014999996842416236,-1.3381449995581196,1.346999982441616,0.016889999717372407,-1.3693649996524067
0,0.008999995859760468,1.927499999894772,0.0054050002675007786,-0.009000009440909507,-1.925069999929975,0.021624999475690583,1.3729999900981023,0.04362499997186017,1.3328249998928487,-1.3490000237740096,0.0012699993587687794,1.3512949998315236,-1.3515000007432123,0.048724999973853544,-1.347699999893314,1.3489999830305626,-0.0012850005156922056,-1.3934950000355335
0,-0.01600000471169323,1.929587500076356,0.013999999776748366,-0.01600000471169323,-1.9117400000061107,0.013999999776748373,1.3549999983785965,0.03284999992245627,1.3405899994972068,-1.3560000190447936,0.02067499919462383,1.3642899995499902,-1.387499997763388,0.0014999996842416236,-1.3381433518932517,1.346999982441616,0.016889999717372407,-1.369368351479718
0,-0.02399999348640587,1.9259890001816027,-0.003484999702099305,-0.005999988185735897,-1.9040949998765844,-0.019704999453535533,1.3540000048746827,0.018554999835522973,1.3180249998805171,-1.3560000054636445,0.04395999994487579,1.372130000228973,-1.376999991276056,-0.006709999975507336,-1.3538049996878925,1.3560000054636596,0.028484999758058443,-1.3704999995452534
0,-0.01600000471169323,1.929587500076356,0.014010000390844796,-0.01600000471169323,-1.9117400000061107,0.014010000390844796,1.3549999983785965,0.03284999992245627,1.3405900000404527,-1.3560000190447936,0.02067499919462383,1.3642850000578104,-1.387499997763388,0.0014999996842416236,-1.3381449995581196,1.346999982441616,0.016889999717372407,-1.3693649996524067
0,-0.02399999348640587,1.9259890001816027,-0.003525000528748018,-0.005999988185735897,-1.9040949998765844,-0.019715000067631803,1.3540000048746827,0.018559999708987043,1.3179999997033904,-1.3560000054636445,0.04395999994487579,1.3721099995440258,-1.376999991276056,-0.006709999975507336,-1.353824176268783,1.3560000054636596,0.028484999758058443,-1.3705191761261437
0,-0.02450001061007885,1.956515000068804,-0.02513999993358769,0.002000000588961645,-1.8928450003241086,0.01120499953087659,1.3344999889464408,0.02510000014538674,1.36416499975085,-1.3730000036792664,0.035414999543844757,1.3682499999012605,-1.3820000131201762,0.01480000036732139,-1.353354175655037,1.3429999948448268,0.044350000062527255,-1.3518191756443985
0,-0.028499998206868174,1.9470450000289488,0.0125350002620635,-0.01749998817699701,-1.890894999735849,0.026904999944052082,1.3269999901331184,0.016974999871058535,1.3847850002547506,-1.3785000019036275,0.03442000013999177,1.4062550002619956,-1.3870000078020133,0.015170000222851268,-1.310219999992756,1.3319999983961046,0.03378000020301062,-1.3477099999641642
0,-0.02450001061007885,1.956515000068804,-0.02517000014613937,0.002000000588961645,-1.8928450003241086,0.01119499946002598,1.3344999889464408,0.02510000014538674,1.3641549996799993,-1.3730000036792664,0.035414999543844757,1.36823999983041,-1.3820000131201762,0.01480000036732139,-1.353365000373191,1.3429999948448268,0.044350000062527255,-1.3518300003625514
0,-0.028499998206868174,1.9470450000289488,0.012559999895943079,-0.01749998817699701,-1.890894999735849,0.026904999400805367,1.3269999901331184,0.016974999871058535,1.3847899997469293,-1.3785000019036275,0.03442000013999177,1.4062599997541743,-1.3870000078020133,0.015170000222851268,-1.3102141758532748,1.3319999983961046,0.03378000020301062,-1.3477041758246822
0,0.01750000175813099,1.9482809992529506,-0.007805000431005585,-0.009000009440909507,-1.8850150002668171,-0.04415499993089509,1.3564999954250343,0.04769499991922051,1.3146999996822881,-1.3734999936406416,-0.0066800007347231835,1.327384999920617,-1.3420000013409128,0.04221499954650328,-1.388179175758384,1.3600000066415827,0.03185999962380134,-1.3949141756705794
0,0.01750000175813099,1.9482809992529506,-0.007805000431005585,-0.009000009440909507,-1.8850150002668171,-0.04415499993089509,1.3564999954250343,0.04769499991922051,1.3146999996822881,-1.3734999936406416,-0.0066800007347231835,1.327384999920617,-1.3420000013409128,0.04221499954650328,-1.388179175758384,1.3600000066415827,0.03185999962380134,-1.3949141756705794
0,0.01750000175813099,1.9482809992529506,-0.007819999994035917,-0.009000009440909507,-1.8850150002668171,-0.04418999963562649,1.3564999954250343,0.04769499991922051,1.3146850001192578,-1.3734999936406416,-0.0066800007347231835,1.3273699998143411,-1.3420000013409128,0.0422099996730392,-1.3881899999332916,1.3600000066415827,0.03185999962380134,-1.3949299998809126
0,0.01750000175813099,1.9482809992529506,-0.007819999994035917,-0.009000009440909507,-1.8850150002668171,-0.04418999963562649,1.3564999954250343,0.04769499991922051,1.3146850001192578,-1.3734999936406416,-0.0066800007347231835,1.3273699998143411,-1.3420000013409128,0.0422099996730392,-1.3881899999332916,1.3600000066415827,0.03185999962380134,-1.3949299998809126
0,-0.028499998206868174,1.9470450000289488,0.012559999895943079,-0.01749998817699701,-1.890894999735849,0.026904999400805367,1.3269999901331184,0.016974999871058535,1.3847899997469293,-1.3785000019036275,0.03442000013999177,1.4062599997541743,-1.3870000078020133,0.015170000222851268,-1.3102141758532748,1.3319999983961046,0.03378000020301062,-1.3477041758246822
0,-0.028499998206868174,1.9470450000289488,0.0125350002620635,-0.01749998817699701,-1.890894999735849,0.026904999944052082,1.3269999901331184,0.016974999871058535,1.3847850002547506,-1.3785000019036275,0.03442000013999177,1.4062550002619956,-1.3870000078020133,0.015170000222851268,-1.310219999992756,1.3319999983961046,0.03378000020301062,-1.3477099999641642
0,0.018000005300654903,1.9510529996698496,-0.01390500019016002,0.006999995270783724,-1.8936650003153903,-0.028254999730447535,1.381499995996488,0.04518999954766613,1.3062899998540374,-1.341499997798389,0.022749999692547873,1.34136500009891,-1.3450000090149374,0.03858499998796704,-1.38147917555092,1.3845000036705124,0.03430499997725557,-1.391699175165215
0,0.018000005300654903,1.9510529996698496,-0.01391999975318945,0.006999995270783724,-1.8936650003153903,-0.02829499947060326,1.381499995996488,0.04518999954766613,1.3062700002555825,-1.341499997798389,0.022749999692547873,1.3413450005004548,-1.3450000090149374,0.03858499998796704,-1.3814999997966773,1.3845000036705124,0.03430499997725557,-1.3917199994109728
0,0.04649998992637402,1.9182950000629035,0.0339750000567562,0.0014999834652736077,-1.9094150004571226,0.015275000118256554,1.3779999847799396,-0.031880000654189264,1.366045000576094,-1.3390000208292165,-0.019119999365745828,1.3894699997669797,-1.3350000060701293,0.006489999396962445,-1.3397941757362375,1.392999982406585,0.028320000092415518,-1.3221641757733025
0,0.03599999702017582,1.9020449995142463,-0.009515000051791851,-0.01450000766527057,-1.9077850002214867,0.04107999987419217,1.3515000007431972,0.009924999280805591,1.361599999504803,-1.366000008408483,0.03241500017536195,1.3725099996618177,-1.37700000485719,-0.0002900003435734183,-1.3337900002109742,1.3474999859841097,-0.015684999481902683,-1.3415950006419803
0,0.03599999702017582,1.9020449995142463,-0.009535000193492765,-0.01450000766527057,-1.9077850002214867,0.04109999947264699,1.3515000007431972,0.009924999280805591,1.3615950000126227,-1.366000008408483,0.03241500017536195,1.3725049996263925,-1.37700000485719,-0.0002900003435734183,-1.3337941755990972,1.3474999859841097,-0.015684999481902683,-1.341599176030103
0,0.03599999702017582,1.9020449995142463,-0.009535000193492765,-0.01450000766527057,-1.9077850002214867,0.04109999947264699,1.3515000007431972,0.009924999280805591,1.3615950000126227,-1.366000008408483,0.03241500017536195,1.3725049996263925,-1.37700000485719,-0.0002900003435734183,-1.3337941755990972,1.3474999859841097,-0.015684999481902683,-1.341599176030103
0,0.00850000589838562,1.9325395005056238,-0.026270000334255666,0.008500005898385607,-1.9088079429873002,-0.026270000334255666,1.3155000037230213,0.009075000048739734,1.383809999865774,-1.3844999900893635,0.01734500049485465,1.334330000234182,-1.3719999965942036,0.024109999846732663,-1.3703799997815391,1.370499999547766,-0.014914999761792651,-1.3278300003572363
0,0.03599999702017582,1.9020449995142463,-0.009515000051791851,-0.01450000766527057,-1.9077850002214867,0.04107999987419217,1.3515000007431972,0.009924999280805591,1.361599999504803,-1.366000008408483,0.03241500017536195,1.3725099996618177,-1.37700000485719,-0.0002900003435734183,-1.3337900002109742,1.3474999859841097,-0.015684999481902683,-1.3415950006419803
0,0.04649998992637402,1.9182950000629035,0.03399500019845742,0.0014999834652736077,-1.9094150004571226,0.01525499997655562,1.3779999847799396,-0.031880000654189264,1.3660500000682743,-1.3390000208292165,-0.019119999365745828,1.389474999802405,-1.3350000060701293,0.006489999396962445,-1.339789999804869,1.392999982406585,0.028320000092415518,-1.3221599998419338
0,0.00850000589838562,1.9325395005056238,-0.026269999791009857,0.008500005898385607,-1.9088079429873002,-0.026269999791009857,1.3155000037230213,0.009075000048739734,1.3838099993225281,-1.3844999900893635,0.01734500049485465,1.3343299996909366,-1.3719999965942036,0.024109999846732663,-1.3703800003247846,1.370499999547766,-0.014914999761792651,-1.3278300003572356
0,-0.02200000647859328,1.9282515006670158,0.020543324058866136,-0.02200000647859328,-1.9130749992564433,0.020543324058866136,1.335000006070129,-0.01512499982514337,1.3898149994950943,-1.352000004285721,0.028855000381854227,1.400725000195355,-1.376500001314651,-0.021430000062607008,-1.3314083514378103,1.3400000007519663,0.021700000144058394,-1.3469983516148751
0,-0.02200000647859328,1.9282520006670154,0.02050999972454426,-0.02200000647859328,-1.9130749992564433,0.020509999724544252,1.335000006070129,-0.01512499982514337,1.389804999967489,-1.352000004285721,0.028855000381854227,1.400715000124504,-1.376500001314651,-0.021430000062607008,-1.3314199997167744,1.3400000007519663,0.021700000144058394,-1.3470099998938398
0,-0.030500012376963814,1.918693000441585,0.05324999972319412,-0.03400001001236322,-1.9104149989661745,0.0352833241893403,1.3179999942733729,-0.00638499974941989,1.3787499998696329,-1.3855000107555604,-0.012404999516774191,1.3969399999974763,-1.4150000024663272,-0.006294999722269462,-1.3080191760557134,1.3274999936756573,-0.019790000080042863,-1.3419541758290672
0,-0.030500012376963814,1.9186935004415848,0.053214999475217364,-0.03400001001236322,-1.9104149989661745,0.03526999945347412,1.3179999942733729,-0.00638499974941989,1.3787399997987824,-1.3855000107555604,-0.012404999516774191,1.396929999926626,-1.4150000024663272,-0.006294999722269462,-1.3080300002306207,1.3274999936756573,-0.019790000080042863,-1.341965000547221
0,-0.030500012376963814,1.918693000441585,0.05324999972319412,-0.03400001001236322,-1.9104149989661745,0.0352833241893403,1.3179999942733729,-0.00638499974941989,1.3787499998696329,-1.3855000107555604,-0.012404999516774191,1.3969399999974763,-1.4150000024663272,-0.006294999722269462,-1.3080191760557134,1.3274999936756573,-0.019790000080042863,-1.3419541758290672
0,-0.030500012376963814,1.9186935004415848,0.053214999475217364,-0.03400001001236322,-1.9104149989661745,0.03526999945347412,1.3179999942733729,-0.00638499974941989,1.3787399997987824,-1.3855000107555604,-0.012404999516774191,1.396929999926626,-1.4150000024663272,-0.006294999722269462,-1.3080300002306207,1.3274999936756573,-0.019790000080042863,-1.341965000547221
0,-0.017500001758130983,1.9219190000745965,0.03910502445167192,-0.01750000175813099,-1.919410000271223,0.03910502445167191,1.3894999983523646,0.009540000573149285,1.336850000161402,-1.3674999918737565,-0.036965000267524604,1.3928699999533425,-1.3715000066328138,-0.00856999976835121,-1.3332883506333166,1.3350000060701142,0.0059650003909835145,-1.368033350713106
0,-0.017500001758130983,1.9219190000745965,0.03909999997017988,-0.01750000175813099,-1.919410000271223,0.03909999997017988,1.3894999983523646,0.009540000573149285,1.3368650002676778,-1.3674999918737565,-0.03696000039406052,1.3928850000596178,-1.3715000066328138,-0.00856999976835121,-1.3332699997862223,1.3350000060701142,0.0059650003909835145,-1.3680199999014355
0,-0.017500001758130983,1.9219190000745965,0.03910502445167192,-0.01750000175813099,-1.919410000271223,0.03910502445167191,1.3894999983523646,0.009540000573149285,1.336850000161402,-1.3674999918737565,-0.036965000267524604,1.3928699999533425,-1.3715000066328138,-0.00856999976835121,-1.3332883506333166,1.3350000060701142,0.0059650003909835145,-1.368033350713106
0,-0.017500001758130983,1.9219190000745965,0.03909999997017988,-0.01750000175813099,-1.919410000271223,0.03909999997017988,1.3894999983523646,0.009540000573149285,1.3368650002676778,-1.3674999918737565,-0.03696000039406052,1.3928850000596178,-1.3715000066328138,-0.00856999976835121,-1.3332699997862223,1.3350000060701142,0.0059650003909835145,-1.3680199999014355
0,0.010000002944808281,1.9733917502751501,-0.05338000010100535,-0.011499999991261098,-1.8776249998300845,-0.0383850003368256,1.3560000054636445,0.03944499973522718,1.3217500001965377,-1.3684999853776552,0.03826500040360915,1.3448050000254281,-1.3524999942471112,0.07408499968549848,-1.3867249998753604,1.353000011370784,0.031100000418885266,-1.3858850004428667
0,0.010000002944808281,1.973391700337877,-0.05334999988845412,-0.011499999991261098,-1.8776249998300845,-0.03836267564584393,1.3560000054636445,0.03944499973522718,1.3217699997949923,-1.3684999853776552,0.03826500040360915,1.3448250001671291,-1.3524999942471112,0.07408499968549848,-1.386704176172849,1.353000011370784,0.031100000418885266,-1.3858641756538628
0,-0.010500006487347266,1.9466849999203473,0.008447324082262606,0.022999999982507124,-1.88869499932826,-0.020919999913186608,1.3489999966117114,0.03848000034042427,1.338595000030165,-1.3544999948360577,0.024499999964384032,1.3740349996016068,-1.3685000125399684,0.03189500027458109,-1.371719175393027,1.3635000042769823,0.03400499988675357,-1.3651291759649182
0,-0.010500006487347266,1.9466849999203473,0.008464999674682491,0.022999999982507124,-1.88869499932826,-0.020910000385582266,1.3489999966117114,0.03848000034042427,1.3386149996286196,-1.3544999948360577,0.024499999964384032,1.374054999743307,-1.3685000125399684,0.03189500027458109,-1.3717000004418756,1.3635000042769823,0.03400499988675357,-1.3651100004705203
0,0.010000002944808281,1.973391700337877,-0.05334999988845412,-0.011499999991261098,-1.8776249998300845,-0.03836267564584393,1.3560000054636445,0.03944499973522718,1.3217699997949923,-1.3684999853776552,0.03826500040360915,1.3448250001671291,-1.3524999942471112,0.07408499968549848,-1.386704176172849,1.353000011370784,0.031100000418885266,-1.3858641756538628
0,0.010000002944808281,1.9733917502751501,-0.05338000010100535,-0.011499999991261098,-1.8776249998300845,-0.0383850003368256,1.3560000054636445,0.03944499973522718,1.3217500001965377,-1.3684999853776552,0.03826500040360915,1.3448050000254281,-1.3524999942471112,0.07408499968549848,-1.3867249998753604,1.353000011370784,0.031100000418885266,-1.3858850004428667
0,-0.0010000070850628984,1.9440088491476009,0.036660000066518275,-0.0010000070850628984,-1.8973150001360488,0.03665500003109305,1.3920000024838353,0.028384999215714163,1.3123750000501613,-1.341499997798389,0.026079999928848026,1.3839849994759206,-1.3820000131201913,0.014849999870228114,-1.3501349997615497,1.3484999930691726,0.02884499986665994,-1.3950999999988798
0,-0.0010000070850628984,1.9440088491476009,0.03665999952327233,-0.0010000070850628984,-1.8973150001360488,0.03665499948784709,1.3920000024838353,0.028384999215714163,1.3123749995069156,-1.341499997798389,0.026079999928848026,1.3839849994759206,-1.3820000131201913,0.014849999870228114,-1.350135000304796,1.3484999930691726,0.02884499986665994,-1.3951000005421261
0,-0.010500006487347266,1.9466849999203473,0.008447324082262606,0.022999999982507124,-1.88869499932826,-0.020919999913186608,1.3489999966117114,0.03848000034042427,1.338595000030165,-1.3544999948360577,0.024499999964384032,1.3740349996016068,-1.3685000125399684,0.03189500027458109,-1.371719175393027,1.3635000042769823,0.03400499988675357,-1.3651291759649182
0,-0.010500006487347266,1.9466849999203473,0.008464999674682491,0.022999999982507124,-1.88869499932826,-0.020910000385582266,1.3489999966117114,0.03848000034042427,1.3386149996286196,-1.3544999948360577,0.024499999964384032,1.374054999743307,-1.3685000125399684,0.03189500027458109,-1.3717000004418756,1.3635000042769823,0.03400499988675357,-1.3651100004705203
0,-0.017500001758146075,1.9577600000602524,-0.036220000208569914,0.004000001177923304,-1.873879999340546,-0.051209999937324426,1.346499992480211,0.044185000396884444,1.3181699998213574,-1.39249999244521,0.03463000020334249,1.3102849999100394,-1.3535000013321739,0.02522000018158746,-1.4165300002659684,1.3605000101841218,0.0367900000866874,-1.3685350002907624
0,-0.017500001758146075,1.9577600000602524,-0.036232675765564853,0.004000001177923304,-1.873879999340546,-0.051214999972749795,1.346499992480211,0.044185000396884444,1.3181550002583282,-1.39249999244521,0.03463000020334249,1.3102699998037637,-1.3535000013321739,0.02522000018158746,-1.4165441757249413,1.3605000101841218,0.0367900000866874,-1.368549175749736
0,-0.014999997626645424,1.9018599995864816,0.03948000048951651,0.018999998804568735,-1.9421950006145507,0.04744999991657325,1.3604999966029576,-0.008890000889239968,1.3476650001885826,-1.351999990704587,-0.000034999882514364505,1.3871400000994285,-1.3969999971656724,0.020809999619482267,-1.3208149995477179,1.3370000066590757,-0.023684999846566523,-1.3654300000215078
0,-0.014999997626645424,1.9018599995864816,0.03947695016368947,0.018999998804568735,-1.9421950006145507,0.047472125236303404,1.3604999966029576,-0.008890000889239968,1.3476621258744326,-1.351999990704587,-0.000034999882514364505,1.3871371252420328,-1.3969999971656724,0.020809999619482267,-1.3208170497578102,1.3370000066590757,-0.023684999846566523,-1.3654320502316009
0,-0.014999997626645424,1.9018599995864816,0.03948000048951651,0.018999998804568735,-1.9421950006145507,0.04744999991657325,1.3604999966029576,-0.008890000889239968,1.3476650001885826,-1.351999990704587,-0.000034999882514364505,1.3871400000994285,-1.3969999971656724,0.020809999619482267,-1.3208149995477179,1.3370000066590757,-0.023684999846566523,-1.3654300000215078
0,0.012999997037683772,1.9108996432774012,0.02410857585062986,0.004000001177938389,-1.918645000424577,0.009323400476141802,1.3370000066590908,0.0045349997035046,1.3944685754904675,-1.3515000007431972,-0.02365000073231807,1.4023785761221588,-1.345999988937687,-0.009220000220526131,-1.343555600147785,1.3949999965767108,-0.009640000347228193,-1.3122856002424916
0,-0.014999997626645424,1.9018599995864816,0.03947695016368947,0.018999998804568735,-1.9421950006145507,0.047472125236303404,1.3604999966029576,-0.008890000889239968,1.3476621258744326,-1.351999990704587,-0.000034999882514364505,1.3871371252420328,-1.3969999971656724,0.020809999619482267,-1.3208170497578102,1.3370000066590757,-0.023684999846566523,-1.3654320502316009
0,0.012999997037683772,1.9108994934655814,0.024134999875306,0.004000001177938389,-1.918645000424577,0.00932500033536919,1.3370000066590908,0.0045349997035046,1.3944699998812635,-1.3515000007431972,-0.02365000073231807,1.4023799994264623,-1.345999988937687,-0.009220000220526131,-1.3435550004042915,1.3949999965767108,-0.009640000347228193,-1.3122849999557524
0,0.005000008262986209,1.9095999996166224,-0.00674499998304591,-0.027500004702946793,-1.9208950003350718,-0.003739999879050257,1.354999998378604,-0.016069999726090176,1.366505000032498,-1.337999986581833,-0.01663499925631272,1.4238700001186544,-1.3639999942383572,0.018780000287532045,-1.3119649998615186,1.3765000148958226,-0.015569999319165622,-1.3299550002020895
0,0.005000008262986209,1.9095999996166224,-0.006741000063355158,-0.027500004702946793,-1.9208950003350718,-0.0037228240728748793,1.354999998378604,-0.016069999726090176,1.3665071757323983,-1.337999986581833,-0.01663499925631272,1.4238721752753083,-1.3639999942383572,0.018780000287532045,-1.3119620000575625,1.3765000148958226,-0.015569999319165622,-1.3299519998548872
0,-0.008500005898385607,1.9256087508927777,0.007484176232715328,0.0344999999737456,-1.9249499998937747,0.01020600016699999,1.3600000066415752,0.007355000554218602,1.3489141757056617,-1.3684999853776703,-0.00265999952200344,1.4134491755265368,-1.3714999930516871,-0.0031599991606619665,-1.3221100000309276,1.3750000042682207,-0.009204999063602268,-1.3681649998422765
0,-0.008500005898385607,1.9256086510182309,0.007459999616400495,0.0344999999737456,-1.9249499998937747,0.010204999508019376,1.3600000066415752,0.007355000554218602,1.3489149998097194,-1.3684999853776703,-0.00265999952200344,1.413449999630594,-1.3714999930516871,-0.0031599991606619665,-1.3221100000309272,1.3750000042682207,-0.009204999063602268,-1.368170000420948
0,0.005000008262986209,1.9095999996166224,-0.006741000063355158,-0.027500004702946793,-1.9208950003350718,-0.0037228240728748793,1.354999998378604,-0.016069999726090176,1.3665071757323983,-1.337999986581833,-0.01663499925631272,1.4238721752753083,-1.3639999942383572,0.018780000287532045,-1.3119620000575625,1.3765000148958226,-0.015569999319165622,-1.3299519998548872
0,0.005000008262986209,1.9095999996166224,-0.00674499998304591,-0.027500004702946793,-1.9208950003350718,-0.003739999879050257,1.354999998378604,-0.016069999726090176,1.366505000032498,-1.337999986581833,-0.01663499925631272,1.4238700001186544,-1.3639999942383572,0.018780000287532045,-1.3119649998615186,1.3765000148958226,-0.015569999319165622,-1.3299550002020895
0,-0.016499994673083176,1.9281547935569252,0.017580000151927948,-0.0020000141701107116,-1.9329250001228528,0.023085000041442302,1.3380000001629895,-0.03175499920799296,1.3744699999673746,-1.347000009603899,0.02596000066091355,1.3791949997630062,-1.381999999539027,-0.014179999924196884,-1.3076799999238358,1.36649999836985,-0.00009999977407858761,-1.3667749997724785
0,-0.009499999402291903,1.9353058441405293,0.021667699691303118,0.0004999899613748471,-1.9323500000774358,-0.00010950044986585833,1.3425000048834366,-0.019085000251497383,1.3691391755839502,-1.3575000025100974,0.007165000752989585,1.3797741754223134,-1.3725000001367427,0.023725000370810462,-1.3356050000324446,1.3774999948185647,0.021060000975342937,-1.376445000379208
0,-0.016499994673083176,1.9281547935569252,0.017577700048713264,-0.0020000141701107116,-1.9329250001228528,0.02308549982768704,1.3380000001629895,-0.03175999984972286,1.374469175863318,-1.347000009603899,0.02596000066091355,1.3791991756943756,-1.381999999539027,-0.014185000565926753,-1.3076799999238353,1.36649999836985,-0.00009999977407858761,-1.3667750003157246
0,-0.009499999402291903,1.9353058940778025,0.02167000033776407,0.0004999899613748471,-1.9323500000774358,-0.00011000023610970022,1.3425000048834366,-0.019079999609767487,1.369140000231253,-1.3575000025100974,0.007165000752989585,1.3797700000341906,-1.3725000001367427,0.023725000370810462,-1.335605000032445,1.3774999948185647,0.021060000975342937,-1.376439999800536
0,0.016499981091941646,1.9483207498568142,-0.02576149988233202,-0.025000014152617836,-1.897420000551857,0.03340550015048726,1.3754999942296107,0.03202500005771006,1.296239675496651,-1.3475000131464228,0.05846000022169626,1.3700246756647618,-1.3635000042769747,0.029140000083697645,-1.342614499933802,1.334499988946441,0.02486999981991444,-1.4161795001729391
0,0.016499981091941646,1.9483207997940872,-0.025759999980354525,-0.025000014152617836,-1.897420000551857,0.033405000364242876,1.3754999942296107,0.03202500005771006,1.2962399998144631,-1.3475000131464228,0.05846000022169626,1.3700249999825744,-1.3635000042769747,0.029140000083697645,-1.3426150002632928,1.334499988946441,0.02486999981991444,-1.4161799999591835
0,0.016499981091941646,1.9483207997940872,-0.025759999980354525,-0.025000014152617836,-1.897420000551857,0.033405000364242876,1.3754999942296107,0.03202500005771006,1.2962399998144631,-1.3475000131464228,0.05846000022169626,1.3700249999825744,-1.3635000042769747,0.029140000083697645,-1.3426150002632928,1.334499988946441,0.02486999981991444,-1.4161799999591835
0,0.016499981091941646,1.9483207498568142,-0.02576149988233202,-0.025000014152617836,-1.897420000551857,0.03340550015048726,1.3754999942296107,0.03202500005771006,1.296239675496651,-1.3475000131464228,0.05846000022169626,1.3700246756647618,-1.3635000042769747,0.029140000083697645,-1.342614499933802,1.334499988946441,0.02486999981991444,-1.4161795001729391
0,-0.026000007656524132,1.93916999957395,0.021262999953078128,0.01549998758803535,-1.8977499998831429,-0.037907500213187985,1.3634999906958332,0.03775500024975677,1.3142471759612095,-1.3520000042857285,0.015604999969945795,1.3612121751577613,-1.3550000119597456,0.03943499998829923,-1.3751119998440644,1.3670000019123743,0.025855000245104967,-1.3733970001878535
0,-0.026000007656524132,1.93916999957395,0.021265000184547245,0.01549998758803535,-1.8977499998831429,-0.03790500019547538,1.3634999906958332,0.03775500024975677,1.3142499997534896,-1.3520000042857285,0.015604999969945795,1.361214999493287,-1.3550000119597456,0.03943499998829923,-1.3751100001558416,1.3670000019123743,0.025855000245104967,-1.3733950004996305
0,-0.026000007656524132,1.93916999957395,0.021265000184547245,0.01549998758803535,-1.8977499998831429,-0.03790500019547538,1.3634999906958332,0.03775500024975677,1.3142499997534896,-1.3520000042857285,0.015604999969945795,1.361214999493287,-1.3550000119597456,0.03943499998829923,-1.3751100001558416,1.3670000019123743,0.025855000245104967,-1.3733950004996305
0,-0.026000007656524132,1.93916999957395,0.021262999953078128,0.01549998758803535,-1.8977499998831429,-0.037907500213187985,1.3634999906958332,0.03775500024975677,1.3142471759612095,-1.3520000042857285,0.015604999969945795,1.3612121751577613,-1.3550000119597456,0.03943499998829923,-1.3751119998440644,1.3670000019123743,0.025855000245104967,-1.3733970001878535
0,0.00000000000000753563877964325,1.926174886688037,0.02954049992905098,0.00499999468183715,-1.8933700000983529,-0.027456499940087753,1.3825000030815584,0.04547500001777523,1.3046411756992753,-1.3204999984048436,-0.037644999960484204,1.3876811751635552,-1.3544999948360728,0.027419999820911124,-1.3377579998583808,1.3765000013146735,0.019199999645968094,-1.3901980003616332
0,0.00000000000000753563877964325,1.926174886688037,0.029534999564135432,0.00499999468183715,-1.8933700000983529,-0.027465000652205376,1.3825000030815584,0.04547500001777523,1.3046400001151093,-1.3204999984048436,-0.037644999960484204,1.38767999957939,-1.3544999948360728,0.027419999820911124,-1.3377600000898495,1.3765000013146735,0.019199999645968094,-1.3902000005931017
0,-0.021499989354920312,1.9447000002178394,-0.006742499965333645,0.011000010029871173,-1.9024750001561421,-0.006545499982017727,1.3239999960402504,0.05634499996779399,1.400150175392602,-1.3449999954337808,0.02238499894221627,1.3943301754442787,-1.3750000042682282,0.008579999515279046,-1.3042890002358356,1.3600000066415827,0.03762999957182616,-1.3335689996230204
0,-0.02649999761789898,1.948215000381905,-0.007254999793701845,-0.014499994084121517,-1.9165050000350883,0.024155000017007072,1.3249999895441569,0.003524999910993573,1.3841949998772902,-1.337499996620458,0.004644999992777159,1.3879499998626166,-1.3695000060438671,0.0044949999475265845,-1.3257650003942405,1.354999998378604,0.017329999337930793,-1.3496450000925955
0,0.00000000000000753563877964325,1.926174886688037,0.029534999564135432,0.00499999468183715,-1.8933700000983529,-0.027465000652205376,1.3825000030815584,0.04547500001777523,1.3046400001151093,-1.3204999984048436,-0.037644999960484204,1.38767999957939,-1.3544999948360728,0.027419999820911124,-1.3377600000898495,1.3765000013146735,0.019199999645968094,-1.3902000005931017
0,0.0074999988133227155,1.9486598861725972,-0.011380000227514883,-0.025000000571468776,-1.8868099993998304,-0.011580000558033654,1.3794999954075338,0.03544499955289526,1.3259149998272606,-1.3504999936581419,0.06291499964497849,1.3279449995422796,-1.3089999984135974,0.03372500005837445,-1.4104299999635688,1.3699999960052496,0.031334999849556594,-1.37854000001151
0,0.0074999988133227155,1.9486598861725972,-0.01138549950593827,-0.025000000571468776,-1.8868099993998304,-0.01158299981874425,1.3794999954075338,0.03544499955289526,1.3259296761589698,-1.3504999936581419,0.06291499964497849,1.3279396757322877,-1.3089999984135974,0.03372500005837445,-1.4104144995278025,1.3699999960052496,0.031334999849556594,-1.37854450026069
0,-0.02649999761789898,1.948215000381905,-0.007257500354660468,-0.014499994084121517,-1.9165050000350883,0.024154499687516776,1.3249999895441569,0.003524999910993573,1.3841951753457218,-1.337499996620458,0.004644999992777159,1.387950175331048,-1.3695000060438671,0.0044949999475265845,-1.3257640002785056,1.354999998378604,0.017329999337930793,-1.3496439999768608
0,-0.021499989354920312,1.9447000002178394,-0.006745000526291574,0.011000010029871173,-1.9024750001561421,-0.006545000195772796,1.3239999960402504,0.05634499996779399,1.4001499999241707,-1.3449999954337808,0.02238499894221627,1.394329999975848,-1.3750000042682282,0.008579999515279046,-1.3042900003515696,1.3600000066415827,0.03762999957182616,-1.3335700002820001
0,-0.014999997626652953,1.9339624431360165,-0.00011500027153492354,-0.014999997626652967,-1.9073749998417129,-0.00011500027153492354,1.3699999960052496,-0.00010000054234417244,1.3434099999202054,-1.3329999919000033,0.03023999913509362,1.3742599995660054,-1.3575000025100898,0.025414999856281095,-1.3543850005377482,1.3339999989850662,0.038069999192384546,-1.3807000001043397
0,-0.02649999761789898,1.948215000381905,-0.007254999793701845,-0.014499994084121517,-1.9165050000350883,0.024155000017007072,1.3249999895441569,0.003524999910993573,1.3841949998772902,-1.337499996620458,0.004644999992777159,1.3879499998626166,-1.3695000060438671,0.0044949999475265845,-1.3257650003942405,1.354999998378604,0.017329999337930793,-1.3496450000925955
0,0.00000000000000753563877964325,1.926174886688037,0.02954049992905098,0.00499999468183715,-1.8933700000983529,-0.027456499940087753,1.3825000030815584,0.04547500001777523,1.3046411756992753,-1.3204999984048436,-0.037644999960484204,1.3876811751635552,-1.3544999948360728,0.027419999820911124,-1.3377579998583808,1.3765000013146735,0.019199999645968094,-1.3901980003616332
0,-0.014999997626652953,1.9339624431360165,-0.00011300004006678521,-0.014999997626652967,-1.9073749998417129,-0.00011350036955684595,1.3699999960052496,-0.00010000054234417244,1.3434298512125253,-1.3329999919000033,0.03023999913509362,1.3742598507166237,-1.3575000025100898,0.025414999856281095,-1.3543835000925242,1.3339999989850662,0.038069999192384546,-1.380698500202361
0,-0.02649999761789898,1.948215000381905,-0.007257500354660468,-0.014499994084121517,-1.9165050000350883,0.024154499687516776,1.3249999895441569,0.003524999910993573,1.3841951753457218,-1.337499996620458,0.004644999992777159,1.387950175331048,-1.3695000060438671,0.0044949999475265845,-1.3257640002785056,1.354999998378604,0.017329999337930793,-1.3496439999768608
0,-0.00499999468183715,1.9582798862577029,-0.055140000076043603,0.02080000340898648,-1.8895199999612715,-0.0045950005043124825,1.3776500121787039,0.034475000284628056,1.3307750000361285,-1.3425499970890056,0.01930500006177646,1.3400649995802745,-1.3473499957862916,0.04660999971995096,-1.3835149999486671,1.3469500038171884,0.05588999995857733,-1.3869950001585871
0,-0.005100006255258166,1.961014999889795,-0.011875500261384592,-0.030900004346081783,-1.8738450002262974,-0.06242750064325588,1.32574999485795,0.026835000028565717,1.326143675393539,-1.384649993868361,0.03840000006020157,1.339243675312689,-1.4003500046032311,0.08298000044820253,-1.3635105003288426,1.3374500044148965,0.023969999548409622,-1.3924355004603086
0,-0.005100006255258166,1.961014999889795,-0.011874999931895128,-0.030900004346081783,-1.8738450002262974,-0.06242499953905148,1.32574999485795,0.026835000028565717,1.3261450009135765,-1.384649993868361,0.03840000006020157,1.3392450002894818,-1.4003500046032311,0.08298000044820253,-1.3635099994561073,1.3374500044148965,0.023969999548409622,-1.3924349995875738
0,0.014150007901721579,1.9499748866973388,-0.04226000008586679,0.0037499994066538256,-1.8922599997634975,0.005817499930609628,1.384700013236213,0.029470000951514988,1.3363611760766125,-1.3500499959023284,0.07018500004551073,1.3492511755943934,-1.3193499875408132,0.04877000037156147,-1.36543799986089,1.3519000062934567,0.008804999967287917,-1.386668000340706
0,-0.008600003890665106,1.9518124423747283,-0.03530999973687612,-0.008600003890665092,-1.8895200007295374,-0.03530999973687611,1.344600003464678,0.015785000024247084,1.350885000186128,-1.38269999906611,0.022914999358190576,1.3187249999508412,-1.3406499944923236,0.03378499930820911,-1.389194999991573,1.3676000034471851,0.045219999556716406,-1.3609499997887307
0,0.014150007901721579,1.9499748866973388,-0.042260000085866944,0.0037499994066538256,-1.8922599997634975,0.005815000456143429,1.384700013236213,0.029470000951514988,1.3363350003153212,-1.3500499959023284,0.07018500004551073,1.349250000010229,-1.3193499875408132,0.04877000037156147,-1.365419999950657,1.3519000062934567,0.008804999967287917,-1.3866699994856826
0,-0.008600003890665106,1.9518124423747283,-0.03530999973687672,-0.008600003890665092,-1.8895200007295374,-0.035309999736876714,1.344600003464678,0.015785000024247084,1.350885000729373,-1.38269999906611,0.022914999358190576,1.3187249999508408,-1.3406499944923236,0.03378499930820911,-1.389214999590029,1.3676000034471851,0.045219999556716406,-1.360949999788731
0,-0.00499999468183715,1.9582798862577029,-0.055141499434776156,0.02080000340898648,-1.8895199999612715,-0.004593499515841794,1.3776500121787039,0.034475000284628056,1.3307956759757518,-1.3425499970890056,0.01930500006177646,1.3400656759214429,-1.3473499957862916,0.04660999971995096,-1.3834934999049868,1.3469500038171884,0.05588999995857733,-1.386993499713363
0,-0.03085001214052034,1.959419999536673,0.0001869999124654298,-0.02045000364545256,-1.8809950005906293,-0.047893499907967756,1.3331999878845622,0.012119999046664429,1.3407006760744837,-1.36824999718755,0.0394099990844468,1.3454606755748468,-1.3799500067444965,0.0422749995646029,-1.3684184995740036,1.3502500054680289,0.05372999930696662,-1.3834385000585554
0,-0.008600003890665106,1.951799999542733,-0.03531499977230134,-0.008600003890665092,-1.8895250006030013,-0.03531499977230135,1.344600003464678,0.01578500002424707,1.3508800001507026,-1.38269999906611,0.022909999484726603,1.3187249999508415,-1.3407000002790341,0.033799999696866936,-1.3891899999561477,1.3676000034471851,0.04522499943018038,-1.3609449997533054
0,-0.03085001214052034,1.959419999536673,0.00018500022424338541,-0.02045000364545256,-1.8809950005906293,-0.04789500035319222,1.3331999878845622,0.012119999046664429,1.340699999733317,-1.36824999718755,0.0394099990844468,1.3454599997769248,-1.3799500067444965,0.0422749995646029,-1.3684200000192273,1.3502500054680289,0.05372999930696662,-1.3834349999251083
0,-0.008600003890665106,1.951799999542733,-0.035314999772301944,-0.008600003890665092,-1.8895250006030013,-0.03531499977230195,1.344600003464678,0.01578500002424707,1.3508800006939476,-1.38269999906611,0.022909999484726603,1.3187250004940867,-1.3407000002790341,0.033799999696866936,-1.389214999590029,1.3676000034471851,0.04522499943018038,-1.3609449997533059
0,-0.015199993611196866,1.9240949992517131,0.0362754998412462,-0.014499994084121504,-1.9045250005184804,-0.026363999805109842,1.3610999981377687,-0.028245000453922725,1.3306236756263154,-1.3783499981246377,0.00003499988251479125,1.3514586754805187,-1.3631500045134333,0.018569999455915087,-1.3524655003018378,1.3415999957906686,0.07177499975690298,-1.3713855001693112
0,-0.015199993611196866,1.9240949992517131,0.03628000009042821,-0.014499994084121504,-1.9045250005184804,-0.026364999920843263,1.3610999981377687,-0.028245000453922725,1.330609999953587,-1.3783499981246377,0.00003499988251479125,1.3514649999494912,-1.3631500045134333,0.018569999455915087,-1.3524649999723473,1.3415999957906686,0.07177499975690298,-1.3713799998043954
0,-0.015199993611196866,1.9240949992517131,0.03628000009042821,-0.014499994084121504,-1.9045250005184804,-0.026364999920843263,1.3610999981377687,-0.028245000453922725,1.330609999953587,-1.3783499981246377,0.00003499988251479125,1.3514649999494912,-1.3631500045134333,0.018569999455915087,-1.3524649999723473,1.3415999957906686,0.07177499975690298,-1.3713799998043954
0,-0.015199993611196866,1.9240949992517131,0.0362754998412462,-0.014499994084121504,-1.9045250005184804,-0.026363999805109842,1.3610999981377687,-0.028245000453922725,1.3306236756263154,-1.3783499981246377,0.00003499988251479125,1.3514586754805187,-1.3631500045134333,0.018569999455915087,-1.3524655003018378,1.3415999957906686,0.07177499975690298,-1.3713855001693112
0,0.01050000648733973,1.938589886720003,0.00010300051246205262,0.009800006960264368,-1.915435000224477,0.06274650007850907,1.375750009582014,0.023740000759468284,1.3893946754610336,-1.3624999971919194,0.02767500028197007,1.3613896753288657,-1.346199998503395,0.007980000870807635,-1.336159499832438,1.373100001671546,-0.02112999920383995,-1.3410195000413059
0,0.005600009797782066,1.9384998866928531,0.02982499998906374,0.023799997501854436,-1.9112800001234305,0.009317500282231793,1.3754500020240417,-0.0077099992528247355,1.3538861758388632,-1.357799996486913,0.02137999979143481,1.3555561762627382,-1.3249999895441569,0.042045000775661895,-1.3538729994091319,1.3591500033355175,0.011985000158337714,-1.3810530002150814
0,0.01050000648733973,1.938589886720003,0.00010500020068507018,0.009800006960264368,-1.915435000224477,0.06275000021195654,1.375750009582014,0.023740000759468284,1.3894199999559733,-1.3624999971919194,0.02767500028197007,1.3613900001899253,-1.346199998503395,0.007980000870807635,-1.336129999949376,1.373100001671546,-0.02112999920383995,-1.3410200003707964
0,0.005600009797782066,1.9384998866928531,0.029824999989062986,0.023799997501854436,-1.9112800001234305,0.009310000229093195,1.3754500020240417,-0.0077099992528247355,1.3538550000421457,-1.357799996486913,0.02137999979143481,1.3555549995920806,-1.3249999895441569,0.042045000775661895,-1.353899999817727,1.3591500033355175,0.011985000158337714,-1.3810549999033044
0,0.026100005648796082,1.9281650007356048,-0.014578499638133659,0.006950003065229818,-1.9071899999139477,-0.04499199955943266,1.334499988946441,0.021845001084111124,1.380095676505017,-1.3312000144578913,0.012460000429676057,1.3466356762943414,-1.3522000138514292,0.01507000044877354,-1.3945684996012981,1.3643499940018984,-0.0001999995481571648,-1.3356284992211012
0,0.026100005648796082,1.9281650007356048,-0.014579999540111861,0.006950003065229818,-1.9071899999139477,-0.04499499990663536,1.334499988946441,0.021845001084111124,1.380094999620604,-1.3312000144578913,0.012460000429676057,1.3466250004255702,-1.3522000138514292,0.01507000044877354,-1.3945849996095525,1.3643499940018984,-0.0001999995481571648,-1.3356299996663248
0,0.026100005648796082,1.9281650007356048,-0.014578499638133659,0.006950003065229818,-1.9071899999139477,-0.04499199955943266,1.334499988946441,0.021845001084111124,1.380095676505017,-1.3312000144578913,0.012460000429676057,1.3466356762943414,-1.3522000138514292,0.01507000044877354,-1.3945684996012981,1.3643499940018984,-0.0001999995481571648,-1.3356284992211012
0,-0.0079499965691361,1.9276124432691106,-0.014609999752662937,-0.007949996569136114,-1.9137350002238123,-0.014609999752662937,1.3765500071013763,-0.00427000026378278,1.374485000616896,-1.3630999987267227,0.011724999823814794,1.3448950006630835,-1.3409999942558497,0.03210500033793265,-1.3627299993622244,1.3620000072305518,0.0052949996766866875,-1.3422399997793808
0,0.026100005648796082,1.9281650007356048,-0.014579999540111861,0.006950003065229818,-1.9071899999139477,-0.04499499990663536,1.334499988946441,0.021845001084111124,1.380094999620604,-1.3312000144578913,0.012460000429676057,1.3466250004255702,-1.3522000138514292,0.01507000044877354,-1.3945849996095525,1.3643499940018984,-0.0001999995481571648,-1.3356299996663248
0,-0.0079499965691361,1.9276124432691106,-0.014609999752663541,-0.007949996569136114,-1.9137350002238123,-0.014609999752663541,1.3765500071013763,-0.00427000026378278,1.3744850000736508,-1.3630999987267227,0.011724999823814794,1.344890000084412,-1.3409999942558497,0.03210500033793265,-1.3627300004487162,1.3620000072305518,0.0052949996766866875,-1.3422399997793812
0,-0.008950003654191463,1.9322048869705846,-0.031140499856972252,0.02954999749748498,-1.9078699996069077,0.03071449998956592,1.3764499955279554,0.011165000167055697,1.3896126762450307,-1.3285500065474083,0.019510000251663412,1.3597526760079905,-1.3256000046601015,-0.00954499967834777,-1.3639564997947051,1.3811499962329616,0.028419999866493906,-1.3403464998363308
0,-0.008950003654191463,1.9322048869705846,-0.031139999527481983,0.02954999749748498,-1.9078699996069077,0.030715000319056163,1.3764499955279554,0.011165000167055697,1.3896149997078207,-1.3285500065474083,0.019510000251663412,1.3597550000140264,-1.3256000046601015,-0.00954499967834777,-1.3639549998927265,1.3811499962329616,0.028419999866493906,-1.3403449999343524
0,0.0028999961005960057,1.9258874439011264,0.00675949975983188,0.0028999961005959987,-1.9154499998448689,0.006756499955875059,1.3435999963796301,0.012335000520011269,1.402780851353853,-1.3632500025057128,0.02747000009208321,1.3503808511340032,-1.3487000026348883,0.01790500015161375,-1.3653525000156623,1.3592499877466402,0.04609999956609846,-1.3370825001789393
0,0.0028999961005960057,1.9258874439011264,0.006760000632568167,0.0028999961005959987,-1.9154499998448689,0.006760000632568167,1.3435999963796301,0.012335000520011269,1.4027850001229252,-1.3632500025057128,0.02747000009208321,1.3503850004463214,-1.3487000026348883,0.01790500015161375,-1.3653499994547045,1.3592499877466402,0.04609999956609846,-1.337079999617981
0,0.022650000218958133,1.948174886922596,-0.006502500437904381,0.005899990193463961,-1.9147500006580536,-0.012218500301276213,1.3657999988427671,-0.007289999894388357,1.3939486750229637,-1.3376500003994556,0.04127999939248442,1.370998675394758,-1.356749997196304,0.021455000198193103,-1.333490500044686,1.3888999968175388,0.05292999957780662,-1.3168304998920566
0,0.022650000218958133,1.948174886922596,-0.006500000420191693,0.005899990193463961,-1.9147500006580536,-0.012215000167829622,1.3657999988427671,-0.007289999894388357,1.3939499999997569,-1.3376500003994556,0.04127999939248442,1.3709999998283051,-1.356749997196304,0.021455000198193103,-1.333490000258442,1.3888999968175388,0.05292999957780662,-1.3168300001058122
0,-0.04600001354614823,1.9210499994855215,-0.02793549996570361,-0.02925000352065403,-1.8986550000281108,-0.02221700008461916,1.3342999929618897,0.017935000160663392,1.3545116757072977,-1.3943000106307846,0.025744999955832834,1.34292167562166,-1.4037000120407894,-0.031169999415648186,-1.3615924999949103,1.3275999916679142,0.036615000674116854,-1.360932500207988
0,-0.04600001354614823,1.9210499994855215,-0.02793500017945976,-0.02925000352065403,-1.8986550000281108,-0.02222000043182184,1.3342999929618897,0.017935000160663392,1.3545099997936427,-1.3943000106307846,0.025744999955832834,1.3429199997080044,-1.4037000120407894,-0.031169999415648186,-1.3615950000126233,1.3275999916679142,0.036615000674116854,-1.3609300001902753
0,0.022650000218958133,1.948174886922596,-0.006502500437904381,0.005899990193463961,-1.9147500006580536,-0.012218500301276213,1.3657999988427671,-0.007289999894388357,1.3939486750229637,-1.3376500003994556,0.04127999939248442,1.370998675394758,-1.356749997196304,0.021455000198193103,-1.333490500044686,1.3888999968175388,0.05292999957780662,-1.3168304998920566
0,0.022650000218958133,1.948174886922596,-0.006500000420191693,0.005899990193463961,-1.9147500006580536,-0.012215000167829622,1.3657999988427671,-0.007289999894388357,1.3939499999997569,-1.3376500003994556,0.04127999939248442,1.3709999998283051,-1.356749997196304,0.021455000198193103,-1.333490000258442,1.3888999968175388,0.05292999957780662,-1.3168300001058122
0,-0.005450006018792072,1.9554924437409684,-0.0067979995980096825,-0.0054500060187920585,-1.885829999616369,-0.006795499580297071,1.3595499953046204,0.019350000459484686,1.3622453512088035,-1.3581000040449007,0.04618000061458685,1.3580353512592533,-1.3709500108847434,0.003205001094901707,-1.3583729997836103,1.3630999851455736,0.055275000925447966,-1.3479279996616698
0,-0.005450006018792072,1.9554924437409684,-0.006795000880544778,-0.0054500060187920585,-1.885829999616369,-0.006795000880544778,1.3595499953046204,0.019350000459484686,1.362244999185449,-1.3581000040449007,0.04618000061458685,1.3580349992358989,-1.3709500108847434,0.003205001094901707,-1.3583750005583248,1.3630999851455736,0.055275000925447966,-1.3479250004009584
0,0.03115000611733998,1.9157598859789684,0.0024280001445885283,-0.0012499816940229613,-1.9189450005150788,-0.01164350003009166,1.3609000157343587,-0.019360000206412632,1.371933175714088,-1.35024999188688,0.018564999582451017,1.3522481758590075,-1.3466499826780594,0.0022599996574232777,-1.3707609998733639,1.3947000025998875,0.013299999146548808,-1.3158709993956
0,0.03115000611733998,1.9157598859789684,0.0024299998328108294,-0.0012499816940229613,-1.9189450005150788,-0.011634999861220165,1.3609000157343587,-0.019360000206412632,1.3719350004771247,-1.35024999188688,0.018564999582451017,1.3522500000787985,-1.3466499826780594,0.0022599996574232777,-1.3707599997576299,1.3947000025998875,0.013299999146548808,-1.3158699998231123
0,0.03115000611733998,1.9157598859789684,0.0024299998328108294,-0.0012499816940229613,-1.9189450005150788,-0.011634999861220165,1.3609000157343587,-0.019360000206412632,1.3719350004771247,-1.35024999188688,0.018564999582451017,1.3522500000787985,-1.3466499826780594,0.0022599996574232777,-1.3707599997576299,1.3947000025998875,0.013299999146548808,-1.3158699998231123
0,0.03115000611733998,1.9157598859789684,0.0024280001445885283,-0.0012499816940229613,-1.9189450005150788,-0.01164350003009166,1.3609000157343587,-0.019360000206412632,1.371933175714088,-1.35024999188688,0.018564999582451017,1.3522481758590075,-1.3466499826780594,0.0022599996574232777,-1.3707609998733639,1.3947000025998875,0.013299999146548808,-1.3158709993956
0,-0.00849999231723278,1.912244999518233,0.0066950001720395835,0.02389999549413016,-1.9357200008379802,0.020764999901495808,1.3275000072567913,0.028959999261130447,1.3876450004179053,-1.340250002523217,-0.02921000061699207,1.3968449998676427,-1.3770000048571935,0.012224999462472907,-1.3263199999804773,1.3624499914052088,0.0015499991871477936,-1.3321650001059262
0,-0.00849999231723278,1.912244999518233,0.006688499691389994,0.02389999549413016,-1.9357200008379802,0.020765499687739566,1.3275000072567913,0.028959999261130447,1.38764517534309,-1.340250002523217,-0.02921000061699207,1.39684517587932,-1.3770000048571935,0.012224999462472907,-1.3263189998647433,1.3624499914052088,0.0015499991871477936,-1.332163999990192
0,0.003949995391212796,1.9366864998875162,-0.030181824551064447,0.003949995391212803,-1.9046399999129509,-0.03018282466679823,1.3404499985077682,0.02822499942353542,1.366701851166433,-1.392050008270557,-0.0019799998290438436,1.2917518514361688,-1.3353999980392206,0.028990000038446966,-1.4172664999430022,1.3927000020109221,-0.010260000022087115,-1.3551765000612142
0,-0.027900010253210074,1.9150348866565676,0.019462500451639685,-0.017650005537128532,-1.9270899995149973,-0.013639324144436735,1.363449998490266,0.017644999817090303,1.3571806754950506,-1.3424500126778809,-0.00440999979384013,1.344995675539772,-1.3558500016846675,0.012179999833030915,-1.3713884999732675,1.3781999943456493,0.010660000654933194,-1.353153500069843
0,0.003949995391212796,1.9366864998875162,-0.030199999929729035,0.003949995391212803,-1.9046399999129509,-0.030199999929729028,1.3404499985077682,0.02822499942353542,1.3667050003630168,-1.392050008270557,-0.0019799998290438436,1.2917500005973277,-1.3353999980392206,0.028990000038446966,-1.4172649994977773,1.3927000020109221,-0.010260000022087115,-1.3551749996159903
0,-0.027900010253210074,1.9150348866565676,0.01945999989068055,-0.017650005537128532,-1.9270899995149973,-0.013649999469963404,1.363449998490266,0.017644999817090303,1.3571800002403744,-1.3424500126778809,-0.00440999979384013,1.3449950002850963,-1.3558500016846675,0.012179999833030915,-1.3713899998752463,1.3781999943456493,0.010660000654933194,-1.3531549999718218
0,-0.027900010253210074,1.9150348866565676,0.019462500451639685,-0.017650005537128532,-1.9270899995149973,-0.013639324144436735,1.363449998490266,0.017644999817090303,1.3571806754950506,-1.3424500126778809,-0.00440999979384013,1.344995675539772,-1.3558500016846675,0.012179999833030915,-1.3713884999732675,1.3781999943456493,0.010660000654933194,-1.353153500069843
0,-0.027900010253210074,1.9150348866565676,0.01945999989068055,-0.017650005537128532,-1.9270899995149973,-0.013649999469963404,1.363449998490266,0.017644999817090303,1.3571800002403744,-1.3424500126778809,-0.00440999979384013,1.3449950002850963,-1.3558500016846675,0.012179999833030915,-1.3713899998752463,1.3781999943456493,0.010660000654933194,-1.3531549999718218
0,0.008399994324957055,1.9338689437076466,-0.02731000009726861,-0.0024999905503440417,-1.8952999996562248,0.004154999559872481,1.3667000079355507,0.018380000422951567,1.3889950002043003,-1.3450999934260603,-0.020884999257974643,1.3393600000177712,-1.346700002045919,0.0020000008594315537,-1.3771000001307043,1.3771000028494693,0.02125000077657184,-1.3295700001905737
0,-0.03849998757053116,1.9545149999776386,-0.025540974140908362,-0.027600002695230053,-1.8989699997390046,-0.057005650023482526,1.3408500040580185,-0.0002650002079872052,1.3378140258467535,-1.375299998245059,0.03636500008652231,1.298669026100992,-1.3628499969554628,0.016529999608770905,-1.4087351504345307,1.3683000029742605,0.018109999573235225,-1.3562701497541525
0,-0.03849998757053116,1.9545199998511027,-0.025545000086805117,-0.027600002695230053,-1.8989649998655405,-0.057009999743946195,1.3408500040580185,-0.0002600003345231208,1.3378099999008564,-1.375299998245059,0.036369999959986396,1.2986650001550948,-1.3628499969554628,0.016534999482234983,-1.4087399993979923,1.3683000029742605,0.018114999446699295,-1.3562749998041064
0,0.008399994324957055,1.9338689437076466,-0.02731917606406209,-0.0024999905503440417,-1.8952999996562248,0.004145000032267532,1.3667000079355507,0.018380000422951567,1.3889849995902042,-1.3450999934260603,-0.020884999257974643,1.3393499999469207,-1.346700002045919,0.0020000008594315537,-1.3771091755542524,1.3771000028494693,0.02125000077657184,-1.3295791756141209
0,0.008399994324957055,1.9338689437076466,-0.02731917606406209,-0.0024999905503440417,-1.8952999996562248,0.004145000032267532,1.3667000079355507,0.018380000422951567,1.3889849995902042,-1.3450999934260603,-0.020884999257974643,1.3393499999469207,-1.346700002045919,0.0020000008594315537,-1.3771091755542524,1.3771000028494693,0.02125000077657184,-1.3295791756141209
0,-0.03849998757053116,1.9545199998511027,-0.025545000086805117,-0.027600002695230053,-1.8989649998655405,-0.057009999743946195,1.3408500040580185,-0.0002600003345231208,1.3378099999008564,-1.375299998245059,0.036369999959986396,1.2986650001550948,-1.3628499969554628,0.016534999482234983,-1.4087399993979923,1.3683000029742605,0.018114999446699295,-1.3562749998041064
0,-0.03849998757053116,1.9545149999776386,-0.025540974140908362,-0.027600002695230053,-1.8989699997390046,-0.057005650023482526,1.3408500040580185,-0.0002650002079872052,1.3378140258467535,-1.375299998245059,0.03636500008652231,1.298669026100992,-1.3628499969554628,0.016529999608770905,-1.4087351504345307,1.3683000029742605,0.018109999573235225,-1.3562701497541525
0,0.008399994324957055,1.9338689437076466,-0.02731000009726861,-0.0024999905503440417,-1.8952999996562248,0.004154999559872481,1.3667000079355507,0.018380000422951567,1.3889950002043003,-1.3450999934260603,-0.020884999257974643,1.3393600000177712,-1.346700002045919,0.0020000008594315537,-1.3771000001307043,1.3771000028494693,0.02125000077657184,-1.3295700001905737
1,0.03393501063832978,1.905149999298538,-0.07040500066669611,0.0030249969862217382,-1.933750000755864,-0.03311667639621706,1.344929400626795,-0.013050000095485237,1.332429999267236,-1.3345299897022398,-0.0039000004082533346,1.3098399994734202,-1.3546249957217111,-0.002000000091166597,-1.4241291762269737,1.367429397066763,-0.021900000460481794,-1.3690441759973622
1,-0.0025000041314855587,1.9334499991288312,-0.027154999542331235,0.00600000176688497,-1.929419944390581,-0.05689500001565663,1.3664999983698576,-0.026400000281471617,1.3304150002017385,-1.3400000007519512,-0.005500000634839769,1.3285899997661716,-1.3624999971919194,0.0033499997301567955,-1.4023991760073529,1.3549999983785965,0.009649999325890224,-1.355754175818543
1,0.03393501063832978,1.905149999298538,-0.07037999994632355,0.0030249969862217382,-1.933750000755864,-0.03311000044713605,1.344929400626795,-0.013050000095485237,1.3324349998459073,-1.3345299897022398,-0.0039000004082533346,1.309844999508845,-1.3546249957217111,-0.002000000091166597,-1.4241250002956058,1.367429397066763,-0.021900000460481794,-1.3690350005738146
1,-0.0025000041314855587,1.9334499991288312,-0.027185000841374693,0.00600000176688497,-1.929419944390581,-0.056885000488052284,1.3664999983698576,-0.026400000281471617,1.330399999552217,-1.3400000007519512,-0.005500000634839769,1.3285699996244709,-1.3624999971919194,0.0033499997301567955,-1.402415000217685,1.3549999983785965,0.009649999325890224,-1.3557750006075464
1,-0.02150000293606938,1.9191499991684338,-0.01450000005979965,-0.023999993486405885,-1.9240999998934418,-0.0113249998378369,1.3604999966029727,0.011649999417056824,1.3530100000309804,-1.364499997780881,-0.023750000506396127,1.3292800003088914,-1.353000011370769,-0.013550000502409364,-1.3834799997006901,1.3745000007257193,-0.0039500006794249,-1.35470499954549
1,-0.02150000293606938,1.9191499991684338,-0.014495000024374573,-0.023999993486405885,-1.9240999998934418,-0.01130000020395655,1.3604999966029727,0.011649999417056824,1.3530250001372557,-1.364499997780881,-0.023750000506396127,1.3292949998719215,-1.353000011370769,-0.013550000502409364,-1.3834641754903572,1.3745000007257193,-0.0039500006794249,-1.3546941753705828
1,-0.02150000293606938,1.9191499991684338,-0.014495000024374573,-0.023999993486405885,-1.9240999998934418,-0.01130000020395655,1.3604999966029727,0.011649999417056824,1.3530250001372557,-1.364499997780881,-0.023750000506396127,1.3292949998719215,-1.353000011370769,-0.013550000502409364,-1.3834641754903572,1.3745000007257193,-0.0039500006794249,-1.3546941753705828
1,-0.02150000293606938,1.9191499991684338,-0.01450000005979965,-0.023999993486405885,-1.9240999998934418,-0.0113249998378369,1.3604999966029727,0.011649999417056824,1.3530100000309804,-1.364499997780881,-0.023750000506396127,1.3292800003088914,-1.353000011370769,-0.013550000502409364,-1.3834799997006901,1.3745000007257193,-0.0039500006794249,-1.35470499954549
1,0.0010000070850478202,1.8754300008324911,0.03834500005342361,0.0010000070850478132,-1.9658999991867083,0.0383450000534236,1.3720000101753527,-0.05704999979633936,1.369120000089552,-1.34699999602275,-0.0460549999366555,1.3744800005814715,-1.3934999995302881,-0.05066500004691915,-1.3403850002177542,1.3230000025363289,-0.04262499915801107,-1.3646299997859241
1,0.0370000041052387,1.8823250007357637,0.03952500026509792,0.049499997600398554,-1.947814998980793,0.04459500033208912,1.3854999971744113,-0.006734999342827952,1.3623150007678944,-1.3785000019036275,-0.044894999330628516,1.3325700002591432,-1.358999999556535,-0.0651799991758667,-1.364789175185738,1.3464999924802261,-0.02911999905331003,-1.3808691755750044
1,0.0010000070850478202,1.8754300008324911,0.03834499951017689,0.0010000070850478132,-1.9658999991867083,0.038344999510176885,1.3720000101753527,-0.05704999979633936,1.3691200000895516,-1.34699999602275,-0.0460549999366555,1.37448500007365,-1.3934999995302881,-0.05066500004691915,-1.3403849996745092,1.3230000025363289,-0.04262499915801107,-1.3646250002937457
1,0.0370000041052387,1.8823250007357637,0.03952000022967285,0.049499997600398554,-1.947814998980793,0.044609999895119615,1.3854999971744113,-0.006734999342827952,1.3623100001892237,-1.3785000019036275,-0.044894999330628516,1.3325600001882933,-1.358999999556535,-0.0651799991758667,-1.364794999868466,1.3464999924802261,-0.02911999905331003,-1.3808800002931574
1,0.05300000881694702,1.8942174440785529,0.04350000017939881,0.053000008816947025,-1.9471049992787848,0.043500000179398805,1.3524999942470959,-0.005279999288028962,1.4063500003918294,-1.3944999930341868,-0.028034998854040594,1.3390949997699697,-1.345499985395163,-0.04246500013409846,-1.3596133513572508,1.3774999948185798,-0.021444998914734295,-1.3196483512342048
1,0.0010000070850478202,1.8754300008324911,0.03834499951017689,0.0010000070850478132,-1.9658999991867083,0.038344999510176885,1.3720000101753527,-0.05704999979633936,1.3691200000895516,-1.34699999602275,-0.0460549999366555,1.37448500007365,-1.3934999995302881,-0.05066500004691915,-1.3403849996745092,1.3230000025363289,-0.04262499915801107,-1.3646250002937457
1,0.0010000070850478202,1.8754300008324911,0.03834500005342361,0.0010000070850478132,-1.9658999991867083,0.0383450000534236,1.3720000101753527,-0.05704999979633936,1.369120000089552,-1.34699999602275,-0.0460549999366555,1.3744800005814715,-1.3934999995302881,-0.05066500004691915,-1.3403850002177542,1.3230000025363289,-0.04262499915801107,-1.3646299997859241
1,0.05300000881694702,1.8942174440785529,0.043505000214824036,0.053000008816947025,-1.9471049992787848,0.04350500021482405,1.3524999942470959,-0.005279999288028962,1.4063349997423078,-1.3944999930341868,-0.028034998854040594,1.3390800002069403,-1.345499985395163,-0.04246500013409846,-1.3596299996716406,1.3774999948185798,-0.021444998914734295,-1.3196650000918404
1,-0.03249999938479149,1.909365000185952,0.016984999739042203,-0.01550000116916933,-1.9322199995260405,-0.024969999815621192,1.3495000001542357,-0.03427499996820528,1.3457499996586062,-1.3489999966117265,0.0024849993411677207,1.35492500001771,-1.3684999989588194,0.02342000040684555,-1.3874641755817843,1.3549999983785814,0.015814999265031993,-1.3461041753535148
1,-0.03249999938479149,1.909365000185952,0.01699000031771354,-0.01550000116916933,-1.9322199995260405,-0.024989999957321814,1.3495000001542357,-0.03427499996820528,1.3457250000247263,-1.3489999966117265,0.0024849993411677207,1.3549099999114342,-1.3684999989588194,0.02342000040684555,-1.3874749997566922,1.3549999983785814,0.015814999265031993,-1.3461200001070934
1,-0.03249999938479149,1.909365000185952,0.016984999739042203,-0.01550000116916933,-1.9322199995260405,-0.024969999815621192,1.3495000001542357,-0.03427499996820528,1.3457499996586062,-1.3489999966117265,0.0024849993411677207,1.35492500001771,-1.3684999989588194,0.02342000040684555,-1.3874641755817843,1.3549999983785814,0.015814999265031993,-1.3461041753535148
1,-0.03249999938479149,1.909365000185952,0.01699000031771354,-0.01550000116916933,-1.9322199995260405,-0.024989999957321814,1.3495000001542357,-0.03427499996820528,1.3457250000247263,-1.3489999966117265,0.0024849993411677207,1.3549099999114342,-1.3684999989588194,0.02342000040684555,-1.3874749997566922,1.3549999983785814,0.015814999265031993,-1.3461200001070934
1,0.016499994673083163,1.9162399998271014,0.027349999837425087,0.016499994673083163,-1.9250879435446993,0.027349999837425084,1.3834999965854649,-0.00869499967801525,1.3425699999444651,-1.34699999602275,-0.011185000429176972,1.3859950001357304,-1.387499997763403,0.03606499999601989,-1.3105283512647796,1.3105000090411691,-0.04195499921197919,-1.3801983516131744
1,-0.006999995270783724,1.90542000091652,0.05822500020359758,-0.025000000571468783,-1.9425549991866213,0.008934999745182092,1.3455000125574612,-0.03721499931858881,1.3319199999998266,-1.3959999900806248,-0.04388499876985211,1.3723099998745452,-1.369999996005242,-0.011034999615661442,-1.3586900000738868,1.288000012601201,0.0003450004882086209,-1.3860900002655643
1,0.016499994673083163,1.9162399998271014,0.027355000416095974,0.016499994673083163,-1.9250879435446993,0.027360000451521205,1.3834999965854649,-0.00869499967801525,1.3425599998736146,-1.34699999602275,-0.011185000429176972,1.3859749999940296,-1.387499997763403,0.03606499999601989,-1.31054000008699,1.3105000090411691,-0.04195499921197919,-1.3802099998921387
1,-0.006999995270783724,1.90542000091652,0.058225000203597436,-0.025000000571468783,-1.9425549991866213,0.00892999970975656,1.3455000125574612,-0.03721499931858881,1.3318949998226999,-1.3959999900806248,-0.04388499876985211,1.372289999732844,-1.369999996005242,-0.011034999615661442,-1.3587141761469568,1.288000012601201,0.0003450004882086209,-1.3861191758308131
1,-0.04099999170201295,1.9279000005276172,0.03650000001940104,-0.04099999170201296,-1.9134284430144541,0.03649499998397581,1.3130000131726849,-0.016480000105863882,1.370179999994266,-1.4179999829780687,-0.04832999921447124,1.3470350000709663,-1.3449999954337732,-0.015069999680507297,-1.3626549999173374,1.3570000125487072,-0.01231999936308784,-1.3462499999416582
1,-0.04099999170201295,1.9279000005276172,0.03650000001940165,-0.04099999170201296,-1.9134284430144541,0.03649499998397626,1.3130000131726849,-0.016480000105863882,1.3701749999588408,-1.4179999829780687,-0.04832999921447124,1.3470349995277204,-1.3449999954337732,-0.015069999680507297,-1.362655000460583,1.3570000125487072,-0.01231999936308784,-1.3462549999770836
1,-0.006500005309423948,1.8944000001529862,0.013735000072192471,0.03149999229974367,-1.9503828872813815,-0.021294999853852366,1.3615000036880054,-0.02935000014704911,1.3204399996070522,-1.35299999778965,-0.04835000024485917,1.347505000141466,-1.3449999954337883,-0.019750000324064633,-1.3690550001722694,1.3485000066503217,-0.023950000054553302,-1.3919499999540437
1,-0.006999995270783724,1.90542000091652,0.058225000203597436,-0.025000000571468783,-1.9425549991866213,0.00892999970975656,1.3455000125574612,-0.03721499931858881,1.3318949998226999,-1.3959999900806248,-0.04388499876985211,1.372289999732844,-1.369999996005242,-0.011034999615661442,-1.3587141761469568,1.288000012601201,0.0003450004882086209,-1.3861191758308131
1,0.011999989952635945,1.893534999763996,-0.0558650003234937,-0.009499999402299439,-1.9327350003216233,-0.026165000133570742,1.3654999912847947,-0.036845000999589705,1.3205649999494375,-1.3869999942208793,-0.021940000984725202,1.336064999488848,-1.3495000001542508,-0.0372300004755118,-1.3816749999500701,1.32249999899379,0.0013099991147467955,-1.413200000032314
1,-0.006999995270783724,1.90542000091652,0.05822500020359758,-0.025000000571468783,-1.9425549991866213,0.008934999745182092,1.3455000125574612,-0.03721499931858881,1.3319199999998266,-1.3959999900806248,-0.04388499876985211,1.3723099998745452,-1.369999996005242,-0.011034999615661442,-1.3586900000738868,1.288000012601201,0.0003450004882086209,-1.3860900002655643
1,-0.006500005309423948,1.8944000001529862,0.013774999812348494,0.03149999229974367,-1.9503828872813815,-0.021300000432523253,1.3615000036880054,-0.02935000014704911,1.320460000291999,-1.35299999778965,-0.04835000024485917,1.3475249997399206,-1.3449999954337883,-0.019750000324064633,-1.369039175418691,1.3485000066503217,-0.023950000054553302,-1.3919291757082854
1,0.011999989952635945,1.893534999763996,-0.055855000252643686,-0.009499999402299439,-1.9327350003216233,-0.026179999696600773,1.3654999912847947,-0.036845000999589705,1.3205699999848632,-1.3869999942208793,-0.021940000984725202,1.3360700000675192,-1.3495000001542508,-0.0372300004755118,-1.381669175267342,1.32249999899379,0.0013099991147467955,-1.4131941758928324
1,-0.006500005309423948,1.8944000001529862,0.013774999812348494,0.03149999229974367,-1.9503828872813815,-0.021300000432523253,1.3615000036880054,-0.02935000014704911,1.320460000291999,-1.35299999778965,-0.04835000024485917,1.3475249997399206,-1.3449999954337883,-0.019750000324064633,-1.369039175418691,1.3485000066503217,-0.023950000054553302,-1.3919291757082854
1,-0.006500005309423948,1.8944000001529862,0.013735000072192471,0.03149999229974367,-1.9503828872813815,-0.021294999853852366,1.3615000036880054,-0.02935000014704911,1.3204399996070522,-1.35299999778965,-0.04835000024485917,1.347505000141466,-1.3449999954337883,-0.019750000324064633,-1.3690550001722694,1.3485000066503217,-0.023950000054553302,-1.3919499999540437
1,0.011999989952635945,1.893534999763996,-0.055855000252643686,-0.009499999402299439,-1.9327350003216233,-0.026179999696600773,1.3654999912847947,-0.036845000999589705,1.3205699999848632,-1.3869999942208793,-0.021940000984725202,1.3360700000675192,-1.3495000001542508,-0.0372300004755118,-1.381669175267342,1.32249999899379,0.0013099991147467955,-1.4131941758928324
1,0.011999989952635945,1.893534999763996,-0.0558650003234937,-0.009499999402299439,-1.9327350003216233,-0.026165000133570742,1.3654999912847947,-0.036845000999589705,1.3205649999494375,-1.3869999942208793,-0.021940000984725202,1.336064999488848,-1.3495000001542508,-0.0372300004755118,-1.3816749999500701,1.32249999899379,0.0013099991147467955,-1.413200000032314
1,0.001000007085047827,1.9342000001233508,-0.007099999782011042,0.0005000035425239135,-1.9125998868022496,-0.03442499998555534,1.353000011370769,0.013499999462971146,1.3193750002101585,-1.3929999824066153,0.01074999991381749,1.3167150003775225,-1.3924999924452401,0.008449999732149757,-1.3883841755810828,1.3095000155372554,0.03369999992278835,-1.4034441758057916
1,0.001000007085047827,1.9342000001233508,-0.0070850002189807165,0.0005000035425239135,-1.9125998868022496,-0.03444000009183057,1.353000011370769,0.013499999462971146,1.3193700001747335,-1.3929999824066153,0.01074999991381749,1.316709999798852,-1.3924999924452401,0.008449999732149757,-1.3883899997205644,1.3095000155372554,0.03369999992278835,-1.4034499999452728
1,-0.014499994084121517,1.9097499996618732,-0.0024849996792430037,-0.014499994084121504,-1.9315699998421318,-0.0024849996792430003,1.35200001786687,-0.034080000293511756,1.3672600004925002,-1.3614999901068714,0.00019499967469352453,1.377025000142572,-1.3690000025013433,-0.02134499990892076,-1.3484849994793757,1.3834999965854649,-0.014915000530057607,-1.3627649996102011
1,-0.014499994084121517,1.9097499996618732,-0.0024849996792430037,-0.014499994084121504,-1.9315699998421318,-0.0024849996792430037,1.35200001786687,-0.034080000293511756,1.3672599999492543,-1.3614999901068714,0.00019499967469352453,1.3770250001425717,-1.3690000025013433,-0.02134499990892076,-1.3484850000226216,1.3834999965854649,-0.014915000530057607,-1.3627700001888723
1,-0.050000001142937546,1.9191799991774836,0.0008249998694633692,-0.004999994681837143,-1.935780000087815,0.0195250003512093,1.33450000252759,-0.008285000066507786,1.3585400000976207,-1.3564999954250494,-0.026890000941468442,1.390259999931713,-1.3905000054374126,-0.04207000014298291,-1.3141941758030007,1.3190000013584058,-0.004635000245849853,-1.373129175604527
1,-0.050000001142937546,1.9191799991774836,0.0008049997277630588,-0.004999994681837143,-1.935780000087815,0.019544999406418587,1.33450000252759,-0.008285000066507786,1.3585449995898005,-1.3564999954250494,-0.026890000941468442,1.3902649994238923,-1.3905000054374126,-0.04207000014298291,-1.3141900004148779,1.3190000013584058,-0.004635000245849853,-1.37312500075965
1,-0.050000001142937546,1.9191799991774836,0.0008249998694633692,-0.004999994681837143,-1.935780000087815,0.0195250003512093,1.33450000252759,-0.008285000066507786,1.3585400000976207,-1.3564999954250494,-0.026890000941468442,1.390259999931713,-1.3905000054374126,-0.04207000014298291,-1.3141941758030007,1.3190000013584058,-0.004635000245849853,-1.373129175604527
1,-0.050000001142937546,1.9191799991774836,0.0008049997277630588,-0.004999994681837143,-1.935780000087815,0.019544999406418587,1.33450000252759,-0.008285000066507786,1.3585449995898005,-1.3564999954250494,-0.026890000941468442,1.3902649994238923,-1.3905000054374126,-0.04207000014298291,-1.3141900004148779,1.3190000013584058,-0.004635000245849853,-1.37312500075965
1,-0.012000017114918993,1.9084300000319316,0.043619999399867035,-0.012000017114918993,-1.9328959433572943,0.04361999939986704,1.3544999812549388,-0.0021500001364171684,1.3687300000426101,-1.3835000101665988,0.004524999956576872,1.3767599998947702,-1.388500004848436,-0.03233000002167602,-1.318885000541204,1.3584999960139958,-0.030510000753076943,-1.3375750004088522
1,-0.012000017114918993,1.9084300000319316,0.04361999939986734,-0.012000017114918993,-1.9328959433572943,0.04361999939986734,1.3544999812549388,-0.0021500001364171684,1.3687250000071853,-1.3835000101665988,0.004524999956576872,1.3767549993160988,-1.388500004848436,-0.03233000002167602,-1.318890000576629,1.3584999960139958,-0.030510000753076943,-1.337580000444278
1,0,1.9110098494618928,-0.01274247565640766,0,-1.9302925936333222,-0.012741626019792854,1.3749999906870791,-0.018205000242114466,1.3276899999085745,-1.371000003090305,-0.03792000068366559,1.3549550002302622,-1.371000016671454,-0.0007999997291603111,-1.346783351721327,1.3495000001542505,-0.01765499956401846,-1.3828833510796903
1,0,1.9110350001775651,-0.012734999506090049,0,-1.9303199999772198,-0.012739999541515577,1.3749999906870791,-0.018235000251165395,1.327679999837724,-1.371000003090305,-0.03793000043059354,1.3549400001239862,-1.371000016671454,-0.0008049996026239653,-1.3467949994570456,1.3495000001542505,-0.01766999995267619,-1.382894999901901
1,0.015499987588020264,1.920437949824584,-0.006739999404375023,0.015499987588020271,-1.9209044930266097,-0.006739999404375023,1.3494999865730866,0.032045000319831554,1.3688399997354748,-1.3909999953988026,-0.026934999802644622,1.3476450005901275,-1.3370000066590757,-0.02335499974701477,-1.3799349995734869,1.3495000001542354,-0.00507500063467373,-1.361884999894305
1,0.015499987588020264,1.9204400003258562,-0.006750000018471751,0.015499987588020271,-1.9208750000729506,-0.006750000018471751,1.3494999865730866,0.03206000070849013,1.3688400002787202,-1.3914999989413266,-0.02691999941398711,1.347634999976031,-1.3370000066590757,-0.023344999231821123,-1.3799400001521585,1.3495000001542354,-0.005065000119479444,-1.3618849998943048
1,0.015499987588020264,1.9204400003258562,-0.0067499994752254835,0.015499987588020271,-1.9208750000729506,-0.0067499994752254835,1.3494999865730866,0.03206000070849013,1.3688399997354748,-1.3914999989413266,-0.02691999941398711,1.347635000519277,-1.3370000066590757,-0.023344999231821123,-1.3799399996089121,1.3495000001542354,-0.005065000119479444,-1.361884999894305
1,0.015499987588020264,1.9204378499500372,-0.006750000018471744,0.015499987588020271,-1.9209045929011563,-0.006750000018471751,1.3494999865730866,0.032045000319831554,1.3688300002078697,-1.3909999953988026,-0.026934999802644622,1.347634999976031,-1.3370000066590757,-0.02335499974701477,-1.3799450001875837,1.3495000001542354,-0.00507500063467373,-1.36188999992973
1,0,1.9110098494618928,-0.012734999506090049,0,-1.9302925936333222,-0.01272999947066452,1.3749999906870791,-0.018205000242114466,1.3276799998377244,-1.371000003090305,-0.03792000068366559,1.3549400001239864,-1.371000016671454,-0.0007999997291603111,-1.3467949994570452,1.3495000001542505,-0.01765499956401846,-1.3828949999019007
1,0,1.9110350001775651,-0.012741626019792854,0,-1.9303199999772198,-0.01274247565640766,1.3749999906870791,-0.018235000251165395,1.3276949999439998,-1.371000003090305,-0.03793000043059354,1.3549550002302622,-1.371000016671454,-0.0008049996026239653,-1.3467783516859013,1.3495000001542505,-0.01766999995267619,-1.382878351044265
1,-0.00649999172825981,1.8790050002463914,-0.016805000093470607,-0.006499991728259817,-1.9623220434862234,-0.016805000093470607,1.3130000131726849,-0.016190000530556706,1.3841150003969778,-1.4024999953900337,-0.05962000005945711,1.3133600005099881,-1.358999985975371,-0.060115000592917155,-1.4116249997382728,1.389500011933514,-0.02875499983950919,-1.344300000250198
1,0.025000014152617836,1.8869799997072028,0.0008189252936141658,0.00700000885196294,-1.9379699999802096,-0.011214750251850633,1.3725000137178918,-0.01583000042195498,1.324978925724507,-1.3489999966116966,-0.007125000228745761,1.3388289255249888,-1.3439999883487255,-0.018055000965129915,-1.394795249904044,1.3640000078195214,-0.02219500067751887,-1.3815402499732021
1,-0.00649999172825981,1.8790050002463914,-0.01680237458595115,-0.006499991728259817,-1.962321943611676,-0.016802374585950783,1.3130000131726849,-0.016190000530556706,1.3841113014355249,-1.4024999953900337,-0.05962000005945711,1.3133563015485357,-1.358999985975371,-0.060115000592917155,-1.4116270494051202,1.389500011933514,-0.02875499983950919,-1.3443020499170446
1,0.025000014152617836,1.8869799997072028,0.0008150003418594814,0.00700000885196294,-1.9379699999802096,-0.011214999601726741,1.3725000137178918,-0.01583000042195498,1.3249750002295069,-1.3489999966116966,-0.007125000228745761,1.3388300006086602,-1.3439999883487255,-0.018055000965129915,-1.3947949994676763,1.3640000078195214,-0.02219500067751887,-1.381539999536834
1,0.025000014152617836,1.8869799997072028,0.0008150003418594814,0.00700000885196294,-1.9379699999802096,-0.011214999601726741,1.3725000137178918,-0.01583000042195498,1.3249750002295069,-1.3489999966116966,-0.007125000228745761,1.3388300006086602,-1.3439999883487255,-0.018055000965129915,-1.3947949994676763,1.3640000078195214,-0.02219500067751887,-1.381539999536834
1,0.025000014152617836,1.8869799997072028,0.0008189252936141658,0.00700000885196294,-1.9379699999802096,-0.011214750251850633,1.3725000137178918,-0.01583000042195498,1.324978925724507,-1.3489999966116966,-0.007125000228745761,1.3388289255249888,-1.3439999883487255,-0.018055000965129915,-1.394795249904044,1.3640000078195214,-0.02219500067751887,-1.3815402499732021
1,0.025000000571468776,1.903974999072118,0.03174367557767134,-0.008999995859745383,-1.934615000376589,0.023747000059833073,1.3625000107730834,-0.007170000626453232,1.3426386754636257,-1.3469999960227348,-0.007990000617735683,1.371513675784085,-1.3384999901243644,-0.001625000362171794,-1.354430500099574,1.3569999989675734,-0.021595001264780686,-1.3438804997769487
1,0.025000000571468776,1.903974999072118,0.031719999290846373,-0.008999995859745383,-1.934615000376589,0.023749999863789638,1.3625000107730834,-0.007170000626453232,1.342644999932598,-1.3469999960227348,-0.007990000617735683,1.3715149996743858,-1.3384999901243644,-0.001625000362171794,-1.3544250002779046,1.3569999989675734,-0.021595001264780686,-1.3438799999907047
1,0.016999998215622154,1.9221800008507643,0.011615000262764755,0.01699999821562216,-1.919150392520496,0.011615000262764762,1.340999994255865,-0.017734999844240845,1.3918800000013356,-1.3480000031077979,-0.028059999757891967,1.3981049995596293,-1.3589999995565198,-0.013484999842579753,-1.337345000409028,1.375999997772127,-0.014879999879279139,-1.339875000407098
1,0.016999998215622154,1.9221800008507643,0.011620000298189832,0.01699999821562216,-1.9191502427086755,0.011620000298189825,1.340999994255865,-0.017734999844240845,1.3918850000367606,-1.3480000031077979,-0.028059999757891967,1.3981050001028752,-1.3589999995565198,-0.013484999842579753,-1.3373449998657825,1.375999997772127,-0.014879999879279139,-1.3398749998638526
1,0.0034999976353994044,1.9087999998874614,-0.03174500001121849,0.0034999976353994044,-1.9325249994900073,-0.031745000011218494,1.3604999966029576,-0.0036050001912171226,1.3897099998376548,-1.3370000066590908,-0.00299500026328582,1.3847199997942217,-1.372000010175353,-0.005850000228247526,-1.3159800000592219,1.3725000001367427,-0.027580000381356627,-1.3280449997075392
1,0.0034999976353994044,1.9087999998874614,-0.03174497502190565,0.0034999976353994044,-1.9325249994900073,-0.031744975021906006,1.3604999966029576,-0.0036050001912171226,1.3897132011858475,-1.3370000066590908,-0.00299500026328582,1.3847182011069887,-1.372000010175353,-0.005850000228247526,-1.3159851500305204,1.3725000001367427,-0.027580000381356627,-1.3280501502220834
1,0.0034999976353994044,1.9087999998874614,-0.03174497502190565,0.0034999976353994044,-1.9325249994900073,-0.031744975021906006,1.3604999966029576,-0.0036050001912171226,1.3897132011858475,-1.3370000066590908,-0.00299500026328582,1.3847182011069887,-1.372000010175353,-0.005850000228247526,-1.3159851500305204,1.3725000001367427,-0.027580000381356627,-1.3280501502220834
1,0.0034999976353994044,1.9087999998874614,-0.03174500001121849,0.0034999976353994044,-1.9325249994900073,-0.031745000011218494,1.3604999966029576,-0.0036050001912171226,1.3897099998376548,-1.3370000066590908,-0.00299500026328582,1.3847199997942217,-1.372000010175353,-0.005850000228247526,-1.3159800000592219,1.3725000001367427,-0.027580000381356627,-1.3280449997075392
1,-0.004500004720454753,1.9185149998731825,-0.0009418748826605441,0.018999998804568735,-1.9334799991378815,-0.0215200503401222,1.3549999983785965,-0.023954999928018236,1.408168125507064,-1.3285000007607053,-0.0385549999789175,1.3994131254074538,-1.3560000054636596,-0.004684999748755608,-1.294911050264127,1.3810000060351206,-0.01313500024917201,-1.3119210507235421
1,-0.004500004720454753,1.9185149998731825,-0.0009449996331787752,0.018999998804568735,-1.9334799991378815,-0.02151999981825193,1.3549999983785965,-0.023954999928018236,1.4081650002132997,-1.3285000007607053,-0.0385549999789175,1.3994150001491148,-1.3560000054636596,-0.004684999748755608,-1.294909999626523,1.3810000060351206,-0.01313500024917201,-1.3119199995426916
1,0.015999991130551713,1.9101500002947192,-0.015685000306898907,0.006000001766884977,-1.9048339931595195,0.006100000302400099,1.3670000019123743,0.00264999977507549,1.3066149999836962,-1.3634999906958332,0.02199999946629416,1.3610250003201094,-1.3580000060526212,-0.02279999996372027,-1.360259999789257,1.3505000072392908,0.025649999286952097,-1.402414999674439
1,0.015999991130551713,1.9101500002947192,-0.015683999647919118,0.006000001766884977,-1.904834043096793,0.00609920010116341,1.3670000019123743,0.00264999977507549,1.3066156763248635,-1.3634999906958332,0.02199999946629416,1.3610256761180313,-1.3580000060526212,-0.02279999996372027,-1.360263499379458,1.3505000072392908,0.025649999286952097,-1.4024134997724609
1,0.015999991130551713,1.9101500002947192,-0.015683999647919118,0.006000001766884977,-1.904834043096793,0.00609920010116341,1.3670000019123743,0.00264999977507549,1.3066156763248635,-1.3634999906958332,0.02199999946629416,1.3610256761180313,-1.3580000060526212,-0.02279999996372027,-1.360263499379458,1.3505000072392908,0.025649999286952097,-1.4024134997724609
1,0.015999991130551713,1.9101500002947192,-0.015685000306898907,0.006000001766884977,-1.9048339931595195,0.006100000302400099,1.3670000019123743,0.00264999977507549,1.3066149999836962,-1.3634999906958332,0.02199999946629416,1.3610250003201094,-1.3580000060526212,-0.02279999996372027,-1.360259999789257,1.3505000072392908,0.025649999286952097,-1.402414999674439
1,0.03849998757052739,1.8989499994768826,0.01404250007786318,-0.025500004113992683,-1.9474458365349248,0.0175736999210133,1.37899999186501,-0.03489999951652882,1.3248781753366354,-1.3400000007519512,0.009799999371140795,1.3661831751752271,-1.3354999960314964,-0.01809999982630664,-1.3527510004775842,1.3779999983611035,-0.04220000069437632,-1.3921960001758777
1,0.004499991139305687,1.8822099998047612,0.020480000055239145,0.004499991139305701,-1.959120093174592,0.020480000055239145,1.3474999995652814,-0.046239999096155476,1.353390000007071,-1.3540000048746903,-0.0033149998476432827,1.3714450002649246,-1.3474999995652739,-0.03986999973539333,-1.3402649999107936,1.3779999983611035,-0.02324000035254384,-1.3806250001162068
1,0.03849998757052739,1.898999999748055,0.014050000131001272,-0.025500004113992683,-1.9474459364094712,0.017575000116502718,1.37899999186501,-0.03489999951652882,1.3248800000996728,-1.3400000007519512,0.009799999371140795,1.3661850004815106,-1.3354999960314964,-0.01809999982630664,-1.352749999818604,1.3779999983611035,-0.04220000069437632,-1.3921950000601435
1,0.004499991139305687,1.882159999533589,0.02047500001981361,0.004499991139305701,-1.9591700934457645,0.02047500001981361,1.3474999995652814,-0.046239999096155476,1.3533899994638252,-1.3540000048746903,-0.0033149998476432827,1.3714399996862532,-1.3474999995652739,-0.03986999973539333,-1.3402650004540395,1.3779999983611035,-0.02324000035254384,-1.3806250001162064
1,0.03849998757052739,1.898999999748055,0.014050000131001272,-0.025500004113992683,-1.9474459364094712,0.017575000116502718,1.37899999186501,-0.03489999951652882,1.3248800000996728,-1.3400000007519512,0.009799999371140795,1.3661850004815106,-1.3354999960314964,-0.01809999982630664,-1.352749999818604,1.3779999983611035,-0.04220000069437632,-1.3921950000601435
1,-0.05349999877832942,1.90908999946277,0.0354531499097225,0.010499992906190664,-1.9271750004369497,0.03192150006658926,1.3505000072392983,-0.022904999611262522,1.3609571749808098,-1.34699999602275,-0.010809999931918064,1.3921671755474918,-1.3754999942296107,-0.042464999365832326,-1.2990470003626546,1.3564999954250343,0.02232499969238236,-1.3798270001120914
1,0.03849998757052739,1.8989499994768826,0.01404250007786318,-0.025500004113992683,-1.9474458365349248,0.0175736999210133,1.37899999186501,-0.03489999951652882,1.3248781753366354,-1.3400000007519512,0.009799999371140795,1.3661831751752271,-1.3354999960314964,-0.01809999982630664,-1.3527510004775842,1.3779999983611035,-0.04220000069437632,-1.3921960001758777
1,-0.05349999877832942,1.90908999946277,0.03545499967771737,0.010499992906190664,-1.9271250001657774,0.03192999969221592,1.3505000072392983,-0.022904999611262522,1.3609599998595812,-1.34699999602275,-0.010809999931918064,1.3921749999184432,-1.3754999942296107,-0.042464999365832326,-1.2990450001311862,1.3564999954250343,0.02232499969238236,-1.3798250004238688
1,-0.00900000944090952,1.903349999523795,-0.006868499880207671,0.01849999526204482,-1.928713993449044,0.009926000356168418,1.32700000371426,-0.0408000000159479,1.3831066756736798,-1.3749999906870867,-0.0003999998645793038,1.3889866760471061,-1.3684999989588194,-0.03195000041921714,-1.320632499884433,1.3460000025188361,0.011950000275823776,-1.353337499635106
1,0.04299999229098215,1.9301300001759905,0.0028519992372801894,-0.0005000035425314492,-1.9195199997922296,0.02918799960455285,1.3775000083997138,-0.002354999558037571,1.3352316749189432,-1.3690000025013433,0.005210000291265935,1.3407166752100026,-1.3279999972181737,0.012375000275990145,-1.3793225006663508,1.3535000013321588,-0.024924999964550398,-1.3835775009347286
1,-0.00900000944090952,1.903349999523795,-0.006870000325431919,0.01849999526204482,-1.9287138935744976,0.009929999732612868,1.32700000371426,-0.0408000000159479,1.3831049997600244,-1.3749999906870867,-0.0003999998645793038,1.3889850001334498,-1.3684999989588194,-0.03195000041921714,-1.3206349999021458,1.3460000025188361,0.011950000275823776,-1.3533400001960643
1,-0.00900000944090952,1.903349999523795,-0.006868499880207671,0.01849999526204482,-1.928713993449044,0.009926000356168418,1.32700000371426,-0.0408000000159479,1.3831066756736798,-1.3749999906870867,-0.0003999998645793038,1.3889866760471061,-1.3684999989588194,-0.03195000041921714,-1.320632499884433,1.3460000025188361,0.011950000275823776,-1.353337499635106
1,-0.00900000944090952,1.903349999523795,-0.006870000325431919,0.01849999526204482,-1.9287138935744976,0.009929999732612868,1.32700000371426,-0.0408000000159479,1.3831049997600244,-1.3749999906870867,-0.0003999998645793038,1.3889850001334498,-1.3684999989588194,-0.03195000041921714,-1.3206349999021458,1.3460000025188361,0.011950000275823776,-1.3533400001960643
1,0.04299999229098215,1.9301300001759905,0.0028500000923039545,-0.0005000035425314492,-1.9195199997922296,0.029184999800596134,1.3775000083997138,-0.002354999558037571,1.3352300000917792,-1.3690000025013433,0.005210000291265935,1.3407149998395926,-1.3279999972181737,0.012375000275990145,-1.3793250001408173,1.3535000013321588,-0.024924999964550398,-1.383579999865949
1,-0.011699995975805011,1.9319249993090037,-0.04520699999622751,0.007450006607761267,-1.915400000341963,-0.014789499611991545,1.3467000020459265,0.013609999752243272,1.3577856759787856,-1.3419000033486332,0.014134999526487807,1.3477656756085177,-1.3629499949477402,-0.023065000171707917,-1.3778084998266555,1.3661999908118778,0.004369999269595554,-1.3451684999932654
1,-0.011699995975805011,1.9319249993090037,-0.04520999980018416,0.007450006607761267,-1.915400000341963,-0.014794999433660971,1.3467000020459265,0.013609999752243272,1.357785000180865,-1.3419000033486332,0.014134999526487807,1.3477650003538422,-1.3629499949477402,-0.023065000171707917,-1.3777949996223575,1.3661999908118778,0.004369999269595554,-1.3451699993519974
1,-0.011699995975805011,1.9319249993090037,-0.04520699999622751,0.007450006607761267,-1.915400000341963,-0.014789499611991545,1.3467000020459265,0.013609999752243272,1.3577856759787856,-1.3419000033486332,0.014134999526487807,1.3477656756085177,-1.3629499949477402,-0.023065000171707917,-1.3778084998266555,1.3661999908118778,0.004369999269595554,-1.3451684999932654
1,0.016700004238783678,1.9214649997387596,-0.04120999970875713,-0.0009500012983448547,-1.9219350001366335,-0.013434999576414301,1.375049996473797,-0.03397499987770414,1.362325000295499,-1.3291500080822116,0.0036849997031723064,1.3479750007552116,-1.3486499968481627,0.012925000185820018,-1.3815299994659835,1.3720999945864907,-0.0049199999476921,-1.3464249995518052
1,-0.011699995975805011,1.9319249993090037,-0.04520999980018416,0.007450006607761267,-1.915400000341963,-0.014794999433660971,1.3467000020459265,0.013609999752243272,1.357785000180865,-1.3419000033486332,0.014134999526487807,1.3477650003538422,-1.3629499949477402,-0.023065000171707917,-1.3777949996223575,1.3661999908118778,0.004369999269595554,-1.3451699993519974
1,0.016700004238783678,1.9214649997387596,-0.04120699990480047,-0.0009500012983448547,-1.9219350001366335,-0.013434499790170105,1.375049996473797,-0.03397499987770414,1.3623256755501747,-1.3291500080822116,0.0036849997031723064,1.3479756754666417,-1.3486499968481627,0.012925000185820018,-1.3815285001072506,1.3720999945864907,-0.0049199999476921,-1.3464235001930727
1,0.020500009432159308,1.902949999659215,0.01866500023376841,0.02200000647859328,-1.9395000004417673,0.010360000606203013,1.3301500015861216,-0.050950000517028915,1.3698250001953018,-1.3404999907133335,0.004949999956742376,1.382570000315488,-1.3620999916416747,-0.008250000183993429,-1.359289999978952,1.3575000025100898,-0.004400000046912517,-1.3359999995715652
1,0.020500009432159308,1.902949999659215,0.01866500023376841,0.02200000647859328,-1.9395000004417673,0.010360000606203013,1.3301500015861216,-0.050950000517028915,1.3698250001953018,-1.3404999907133335,0.004949999956742376,1.382570000315488,-1.3620999916416747,-0.008250000183993429,-1.359289999978952,1.3575000025100898,-0.004400000046912517,-1.3359999995715652
1,0.04419999536059273,1.9038599996776473,0.018119000059401355,0.01324999880895325,-1.9278250001208594,-0.003809000259270126,1.3834999965854649,-0.01607500036782049,1.3774136752127197,-1.326249998400474,0.018004999925691698,1.3679536760938518,-1.3223500087959716,-0.006164999939140905,-1.3507505001023807,1.3668499981333917,-0.015475000186817342,-1.3422804998490272
1,0.023600001517302988,1.889664999364793,0.018735000186475968,0.023600001517302988,-1.9516800002747978,0.01874000022190119,1.3548499945996066,-0.07110499981087112,1.373144999814859,-1.345100007007217,0.00436499939613233,1.3706500000647661,-1.3486499968481702,-0.03153500016597979,-1.3516450001383085,1.3912000049644844,-0.031524999650785826,-1.3215649999722943
1,0.020500009432159308,1.902949999659215,0.018668999610213365,0.02200000647859328,-1.9395000004417673,0.010364499768892109,1.3301500015861216,-0.050950000517028915,1.3698266755657111,-1.3404999907133335,0.004949999956742376,1.3825716751426524,-1.3620999916416747,-0.008250000183993429,-1.3592874999612392,1.3575000025100898,-0.004400000046912517,-1.3359975006403446
1,0.04419999536059273,1.9038599996776473,0.0181199996318896,0.01324999880895325,-1.9278250001208594,-0.0038100009182509414,1.3834999965854649,-0.01608000024128457,1.3774149996462666,-1.326249998400474,0.018004999925691698,1.3679549994409066,-1.3223500087959716,-0.006164999939140905,-1.3507500008593833,1.3668499981333917,-0.015475000186817342,-1.3422800006060298
1,0.020500009432159308,1.902949999659215,0.018668999610213365,0.02200000647859328,-1.9395000004417673,0.010364499768892109,1.3301500015861216,-0.050950000517028915,1.3698266755657111,-1.3404999907133335,0.004949999956742376,1.3825716751426524,-1.3620999916416747,-0.008250000183993429,-1.3592874999612392,1.3575000025100898,-0.004400000046912517,-1.3359975006403446
1,0.023600001517302988,1.889664999364793,0.018735000729722236,0.023600001517302988,-1.9516800002747978,0.01873500072972223,1.3548499945996066,-0.07110499981087112,1.3731450003581054,-1.345100007007217,0.00436499939613233,1.3706500006080118,-1.3486499968481702,-0.03153500016597979,-1.3516450001383085,1.3912000049644844,-0.031524999650785826,-1.3215649999722947
1,0.04419999536059273,1.9038599996776473,0.018119000059401355,0.01324999880895325,-1.9278250001208594,-0.003809000259270126,1.3834999965854649,-0.01607500036782049,1.3774136752127197,-1.326249998400474,0.018004999925691698,1.3679536760938518,-1.3223500087959716,-0.006164999939140905,-1.3507505001023807,1.3668499981333917,-0.015475000186817342,-1.3422804998490272
1,-0.008499992317229019,1.9056999999766342,-0.00929000008739228,0.01859999325432432,-1.943050000488347,0.04596000022476133,1.3339499931983518,-0.0034000000013292044,1.4094150003776824,-1.3651500051024024,-0.01155000041124446,1.3638649997983179,-1.365200010889113,-0.015850000684077107,-1.3441450002385056,1.3706999955323287,-0.044850000469452644,-1.2998800000715005
1,-0.008499992317229019,1.9056999999766342,-0.009295500452307572,0.01859999325432432,-1.943050000488347,0.045956999877558864,1.3339499931983518,-0.0034000000013292044,1.4094071754634858,-1.3651500051024024,-0.01155000041124446,1.3638571759706135,-1.365200010889113,-0.015850000684077107,-1.3441519999621538,1.3706999955323287,-0.044850000469452644,-1.2998869997951483
1,-0.008499992317229019,1.9056999999766342,-0.00929000008739228,0.01859999325432432,-1.943050000488347,0.04596000022476133,1.3339499931983518,-0.0034000000013292044,1.4094150003776824,-1.3651500051024024,-0.01155000041124446,1.3638649997983179,-1.365200010889113,-0.015850000684077107,-1.3441450002385056,1.3706999955323287,-0.044850000469452644,-1.2998800000715005
1,0.04419999536059273,1.9038599996776473,0.0181199996318896,0.01324999880895325,-1.9278250001208594,-0.0038100009182509414,1.3834999965854649,-0.01608000024128457,1.3774149996462666,-1.326249998400474,0.018004999925691698,1.3679549994409066,-1.3223500087959716,-0.006164999939140905,-1.3507500008593833,1.3668499981333917,-0.015475000186817342,-1.3422800006060298
1,-0.008499992317229019,1.9056999999766342,-0.009295500452307572,0.01859999325432432,-1.943050000488347,0.045956999877558864,1.3339499931983518,-0.0034000000013292044,1.4094071754634858,-1.3651500051024024,-0.01155000041124446,1.3638571759706135,-1.365200010889113,-0.015850000684077107,-1.3441519999621538,1.3706999955323287,-0.044850000469452644,-1.2998869997951483
1,0.000000013581145291707841,1.9080499996612086,0.0017399998333379463,-0.02144998356820603,-1.9145499995733641,-0.014090000414403114,1.3451000070072094,-0.0027000000462470497,1.3683349999602443,-1.3620499994361097,-0.0047499996403193995,1.3466199998468995,-1.3854499913877123,0.017150000051896597,-1.3578599996257517,1.3723000041521876,-0.03129999996704244,-1.3393349998406445
1,0.000000013581145291707841,1.9080499996612086,0.001739999833337308,-0.02144998356820603,-1.9145499995733641,-0.014090999986891353,1.3451000070072094,-0.0027000000462470497,1.368335175971921,-1.3620499994361097,-0.0047499996403193995,1.34662017531533,-1.3854499913877123,0.017150000051896597,-1.3578590005965094,1.3723000041521876,-0.03129999996704244,-1.3393340002681566
1,0.01629999868853172,1.9182550003069252,-0.004383500200965104,0.037749995837883056,-1.9417550009939926,0.011444999601551265,1.4118999968000459,-0.009135000835105473,1.3274301757078755,-1.3123000136455907,0.01606499908436157,1.375465175423237,-1.3149000021882142,-0.014880000647544094,-1.3670790001879483,1.3639999942383607,0.004429999287696981,-1.3832490001283775
1,0.01629999868853172,1.9182550003069252,-0.004383500200965104,0.037749995837883056,-1.9417550009939926,0.011444999601551265,1.4118999968000459,-0.009135000835105473,1.3274301757078755,-1.3123000136455907,0.01606499908436157,1.375465175423237,-1.3149000021882142,-0.014880000647544094,-1.3670790001879483,1.3639999942383607,0.004429999287696981,-1.3832490001283775
1,0.000000013581145291707841,1.9080499996612086,0.001739999833337308,-0.02144998356820603,-1.9145499995733641,-0.014090999986891353,1.3451000070072094,-0.0027000000462470497,1.368335175971921,-1.3620499994361097,-0.0047499996403193995,1.34662017531533,-1.3854499913877123,0.017150000051896597,-1.3578590005965094,1.3723000041521876,-0.03129999996704244,-1.3393340002681566
1,0.01629999868853172,1.9182550003069252,-0.004385000102942946,0.037749995837883056,-1.9417550009939926,0.01144500014479781,1.4118999968000459,-0.009135000835105473,1.3274300002394444,-1.3123000136455907,0.01606499908436157,1.375465000498052,-1.3149000021882142,-0.014880000647544094,-1.3670799997604364,1.3639999942383607,0.004429999287696981,-1.3832499997008654
1,0.000000013581145291707841,1.9080499996612086,0.0017399998333379463,-0.02144998356820603,-1.9145499995733641,-0.014090000414403114,1.3451000070072094,-0.0027000000462470497,1.3683349999602443,-1.3620499994361097,-0.0047499996403193995,1.3466199998468995,-1.3854499913877123,0.017150000051896597,-1.3578599996257517,1.3723000041521876,-0.03129999996704244,-1.3393349998406445
1,0.01629999868853172,1.9182550003069252,-0.004385000102942946,0.037749995837883056,-1.9417550009939926,0.01144500014479781,1.4118999968000459,-0.009135000835105473,1.3274300002394444,-1.3123000136455907,0.01606499908436157,1.375465000498052,-1.3149000021882142,-0.014880000647544094,-1.3670799997604364,1.3639999942383607,0.004429999287696981,-1.3832499997008654
1,-0.0013000146430316023,1.9101000000235469,0.005455000078507709,0.009499985821139069,-1.9204999995756897,0.004045000410254698,1.3355499882370578,-0.015249999734808159,1.3692800001366696,-1.3812500078063827,-0.025700000326390318,1.3419599999685499,-1.3629000027421787,-0.018799999781387935,-1.3712849996745615,1.314749984828075,0.00529999955015098,-1.3690949999124256
1,0.026599995610174704,1.921300000073116,-0.031182500371843225,0.01579999514600404,-1.9307550004925798,-0.029766500009184585,1.366450006164285,-0.0003450004882103296,1.3472466752994996,-1.3698999980129738,-0.030910000617656253,1.2941566750801756,-1.3333499916635485,-0.010565000754319218,-1.3976825003689157,1.3662000043930191,-0.041530000748345286,-1.3933375005493747
1,-0.0013000146430316023,1.9101000000235469,0.005457000309975757,0.009499985821139069,-1.9204999995756897,0.004043499965029743,1.3355499882370578,-0.015249999734808159,1.3692801756050996,-1.3812500078063827,-0.025700000326390318,1.3419601759802267,-1.3629000027421787,-0.018799999781387935,-1.3712839995588273,1.314749984828075,0.00529999955015098,-1.3690939997966918
1,0.026599995610174704,1.921300000073116,-0.031184999846309652,0.01579999514600404,-1.9307550004925798,-0.029770000142631425,1.366450006164285,-0.0003450004882103296,1.3472449999290903,-1.3698999980129738,-0.030910000617656253,1.2941550002530124,-1.3333499916635485,-0.010565000754319218,-1.397684999843382,1.3662000043930191,-0.041530000748345286,-1.3933400000238414
1,0.02669999360245042,1.92285000002853,-0.003105000269254893,0.007599996805598433,-1.913199999934374,-0.018545000470053905,1.340649994492316,-0.04690000006352501,1.3588349994714823,-1.3888500046119847,-0.0022500006787611465,1.31222000003847,-1.3680500012030021,-0.022799999963720282,-1.381865000209738,1.3480000031078014,-0.006850000273830828,-1.3732950003343714
1,-0.0013000146430316023,1.9101000000235469,0.005457000309975757,0.009499985821139069,-1.9204999995756897,0.004043499965029743,1.3355499882370578,-0.015249999734808159,1.3692801756050996,-1.3812500078063827,-0.025700000326390318,1.3419601759802267,-1.3629000027421787,-0.018799999781387935,-1.3712839995588273,1.314749984828075,0.00529999955015098,-1.3690939997966918
1,0.03334998910970778,1.919295000108486,-0.04412550004783404,0.011049988654287322,-1.926379999044722,-0.030086999889661993,1.3806499926904339,-0.01782999974485492,1.2825256756818937,-1.3785999998959033,-0.012264999986717165,1.2842206757396495,-1.3533500111343217,-0.0001199992679353321,-1.4199685002905085,1.3215999899010331,0.008925000003488531,-1.43826849956797
1,0.026599995610174704,1.921300000073116,-0.031184999846309652,0.01579999514600404,-1.9307550004925798,-0.029770000142631425,1.366450006164285,-0.0003450004882103296,1.3472449999290903,-1.3698999980129738,-0.030910000617656253,1.2941550002530124,-1.3333499916635485,-0.010565000754319218,-1.397684999843382,1.3662000043930191,-0.041530000748345286,-1.3933400000238414
1,0.02669999360245042,1.92285000002853,-0.0031055000554989845,0.007599996805598433,-1.913199999934374,-0.018545999499295862,1.340649994492316,-0.04690000006352501,1.3588321756792028,-1.3888500046119847,-0.0022500006787611465,1.3122171757029442,-1.3680500012030021,-0.022799999963720282,-1.381866999897961,1.3480000031078014,-0.006850000273830828,-1.373297000022594
1,0.03334998910970778,1.919295000108486,-0.04412500026158967,0.011049988654287322,-1.926379999044722,-0.0300900002368647,1.3806499926904339,-0.01782999974485492,1.282524999883972,-1.3785999998959033,-0.012264999986717165,1.284219999941728,-1.3533500111343217,-0.0001199992679353321,-1.4199699996492403,1.3215999899010331,0.008925000003488531,-1.438270000013194
1,-0.0013000146430316023,1.9101000000235469,0.005455000078507709,0.009499985821139069,-1.9204999995756897,0.004045000410254698,1.3355499882370578,-0.015249999734808159,1.3692800001366696,-1.3812500078063827,-0.025700000326390318,1.3419599999685499,-1.3629000027421787,-0.018799999781387935,-1.3712849996745615,1.314749984828075,0.00529999955015098,-1.3690949999124256
1,0.026599995610174704,1.921300000073116,-0.031182500371843225,0.01579999514600404,-1.9307550004925798,-0.029766500009184585,1.366450006164285,-0.0003450004882103296,1.3472466752994996,-1.3698999980129738,-0.030910000617656253,1.2941566750801756,-1.3333499916635485,-0.010565000754319218,-1.3976825003689157,1.3662000043930191,-0.041530000748345286,-1.3933375005493747
1,0.01979999632392735,1.9093500013338254,-0.0273850000854017,0.025499990532843627,-1.9199559429696578,-0.02704999988489243,1.3538499875145587,0.03170000059988841,1.3517550003744188,-1.3853000011898748,-0.019649999013454003,1.305710000090674,-1.3507500090105564,-0.0030999991425613993,-1.391435000107962,1.3658999968350467,-0.031049999379447052,-1.382089999630892
1,0.01890000081229677,1.9101500002947192,-0.042564824062146546,-0.02470000659463783,-1.9318059434714026,-0.02503849986634983,1.3654499990792295,-0.00004999950290660287,1.3218151761254977,-1.3459499967321293,-0.03974999969919305,1.3010601757516065,-1.3580000060526172,0.02300000028014241,-1.397553999349837,1.362650000970913,-0.008250000183993425,-1.3855039998077956
1,0.01979999632392735,1.9093500013338254,-0.0273850000854017,0.025499990532843627,-1.9199559429696578,-0.02704999988489243,1.3538499875145587,0.03170000059988841,1.3517550003744188,-1.3853000011898748,-0.019649999013454003,1.305710000090674,-1.3507500090105564,-0.0030999991425613993,-1.391435000107962,1.3658999968350467,-0.031049999379447052,-1.382089999630892
1,0.03334998910970778,1.919295000108486,-0.04412500026158967,0.011049988654287322,-1.926379999044722,-0.0300900002368647,1.3806499926904339,-0.01782999974485492,1.282524999883972,-1.3785999998959033,-0.012264999986717165,1.284219999941728,-1.3533500111343217,-0.0001199992679353321,-1.4199699996492403,1.3215999899010331,0.008925000003488531,-1.438270000013194
1,0.01979999632392735,1.9093500013338254,-0.027364824475268758,0.025499990532843627,-1.9199559429696578,-0.027048499982913664,1.3538499875145587,0.03170000059988841,1.3517551758428503,-1.3853000011898748,-0.019649999013454003,1.305710175559105,-1.3507500090105564,-0.0030999991425613993,-1.3914339994489824,1.3658999968350467,-0.031049999379447052,-1.3820890000584034
1,0.01890000081229677,1.9101500002947192,-0.04258499967227949,-0.02470000659463783,-1.9318059434714026,-0.025039999225082488,1.3654499990792295,-0.00004999950290660287,1.3218150006570664,-1.3459499967321293,-0.03974999969919305,1.3010600008264213,-1.3580000060526172,0.02300000028014241,-1.3975549994655707,1.362650000970913,-0.008250000183993425,-1.385504999380284
1,0.01979999632392735,1.9093500013338254,-0.027364824475268758,0.025499990532843627,-1.9199559429696578,-0.027048499982913664,1.3538499875145587,0.03170000059988841,1.3517551758428503,-1.3853000011898748,-0.019649999013454003,1.305710175559105,-1.3507500090105564,-0.0030999991425613993,-1.3914339994489824,1.3658999968350467,-0.031049999379447052,-1.3820890000584034
1,0.03334998910970778,1.919295000108486,-0.04412550004783404,0.011049988654287322,-1.926379999044722,-0.030086999889661993,1.3806499926904339,-0.01782999974485492,1.2825256756818937,-1.3785999998959033,-0.012264999986717165,1.2842206757396495,-1.3533500111343217,-0.0001199992679353321,-1.4199685002905085,1.3215999899010331,0.008925000003488531,-1.43826849956797
1,-0.0001499901978409407,1.9085999995710394,-0.03598499963007452,-0.010399994913922475,-1.9318999999416828,-0.00287500026943055,1.390750007208669,0.011200000049570061,1.316485000377698,-1.3490999946039854,-0.020750000369647935,1.3095149998870066,-1.3462999964956688,-0.01254999968856111,-1.4156249998297001,1.3304499955629505,0.012200000095152513,-1.4095099999642708
1,-0.03140000788860569,1.8951999998821454,-0.03393499977335406,0.00019999598455144874,-1.9477000003545886,0.0067350004554414256,1.352049996491294,-0.022349999827968568,1.382220000008703,-1.3691500062803295,-0.0445000001077791,1.3551250003482291,-1.3747000102914009,-0.019000000097811772,-1.3382549997942301,1.3386499939033563,-0.020900000414898506,-1.3388349995575934
1,-0.0196999983316554,1.878160000887789,0.0009250000347238163,-0.0196999983316554,-1.9631549995110174,0.0009250000347238302,1.362900002742175,-0.040739999229581526,1.3764800000839392,-1.3621499974283853,-0.04688999954833019,1.3398300000882712,-1.358249994242734,-0.027215000399289552,-1.3578099998147448,1.3779000003688242,-0.057864999914156875,-1.3292049997775126
1,-0.0001499901978409407,1.9085999995710394,-0.0359758242065264,-0.010399994913922475,-1.9318999999416828,-0.0028739996104500815,1.390750007208669,0.011200000049570061,1.3164841757303958,-1.3490999946039854,-0.020750000369647935,1.30951417578295,-1.3462999964956688,-0.01254999968856111,-1.4156249998296997,1.3304499955629505,0.012200000095152513,-1.4095099999642704
1,-0.03140000788860569,1.8951999998821454,-0.03392032398489116,0.00019999598455144874,-1.9477000003545886,0.006729500633772131,1.352049996491294,-0.022349999827968568,1.3822146761987106,-1.3691500062803295,-0.0445000001077791,1.3551196759949908,-1.3747000102914009,-0.019000000097811772,-1.338259499500165,1.3386499939033563,-0.020900000414898506,-1.3388394998067747
1,-0.0196999983316554,1.878160000887789,0.000930000070148887,-0.0196999983316554,-1.9631549995110174,0.0009300000701489008,1.362900002742175,-0.040739999229581526,1.376485000119364,-1.3621499974283853,-0.04688999954833019,1.339835000123696,-1.358249994242734,-0.027215000399289552,-1.3578049997793198,1.3779000003688242,-0.057864999914156875,-1.3292099998129383
1,-0.03140000788860569,1.8951999998821454,-0.03393499977335406,0.00019999598455144874,-1.9477000003545886,0.0067350004554414256,1.352049996491294,-0.022349999827968568,1.382220000008703,-1.3691500062803295,-0.0445000001077791,1.3551250003482291,-1.3747000102914009,-0.019000000097811772,-1.3382549997942301,1.3386499939033563,-0.020900000414898506,-1.3388349995575934
1,0.0011000050773310732,1.8912350003505942,-0.04006499974505958,0.001100005077331087,-1.9501100000572618,-0.0400699997804848,1.3643999997886127,-0.026879999658007813,1.3422300002517764,-1.3530499899952002,-0.02078499948389563,1.351285000303919,-1.348349989290194,-0.01547499941855154,-1.3689949997471662,1.3418000053563615,-0.023479999656679462,-1.3803499997975548
1,-0.0224499906532614,1.9058900005461286,-0.013449499896445949,-0.028300002222311063,-1.9396249995831667,-0.014905823773827945,1.3589999995565274,-0.015059999165314187,1.337314176092419,-1.3332999858768342,-0.04660999971995117,1.3664541761174336,-1.3570999969598376,-0.022714999041768554,-1.3691899994990138,1.340350014096638,-0.05676999919969454,-1.3575999994133756
1,-0.0224499906532614,1.9058900005461286,-0.01344999913944403,-0.028300002222311063,-1.9396249995831667,-0.014924999268225332,1.3589999995565274,-0.015059999165314187,1.3373150007397228,-1.3332999858768342,-0.04660999971995117,1.3664500007293117,-1.3570999969598376,-0.022714999041768554,-1.3691899994990138,1.340350014096638,-0.05676999919969454,-1.3575999994133758
1,-0.03140000788860569,1.8951999998821454,-0.03392032398489116,0.00019999598455144874,-1.9477000003545886,0.006729500633772131,1.352049996491294,-0.022349999827968568,1.3822146761987106,-1.3691500062803295,-0.0445000001077791,1.3551196759949908,-1.3747000102914009,-0.019000000097811772,-1.338259499500165,1.3386499939033563,-0.020900000414898506,-1.3388394998067747
1,-0.0224499906532614,1.9058900005461286,-0.01344999913944403,-0.028300002222311063,-1.9396249995831667,-0.014924999268225332,1.3589999995565274,-0.015059999165314187,1.3373150007397228,-1.3332999858768342,-0.04660999971995117,1.3664500007293117,-1.3570999969598376,-0.022714999041768554,-1.3691899994990138,1.340350014096638,-0.05676999919969454,-1.3575999994133758
1,0.0011000050773310732,1.8912350003505942,-0.040064999745059275,0.001100005077331087,-1.9501100000572618,-0.04006499974505928,1.3643999997886127,-0.026879999658007813,1.3422300002517769,-1.3530499899952002,-0.02078499948389563,1.351285000303919,-1.348349989290194,-0.01547499941855154,-1.3689949997471664,1.3418000053563615,-0.023479999656679462,-1.3803499997975544
1,-0.0224499906532614,1.9058900005461286,-0.013449499896445949,-0.028300002222311063,-1.9396249995831667,-0.014905823773827945,1.3589999995565274,-0.015059999165314187,1.337314176092419,-1.3332999858768342,-0.04660999971995117,1.3664541761174336,-1.3570999969598376,-0.022714999041768554,-1.3691899994990138,1.340350014096638,-0.05676999919969454,-1.3575999994133756
1,0.029050007536102596,1.9138149997357692,-0.03083767611216036,-0.012599991487435583,-1.9154549997183334,-0.0332050000337244,1.3632500160868637,-0.022885000117406205,1.3602950000372336,-1.333799989419362,0.012860000294256213,1.346704999905882,-1.3441999843332808,0.00998500006717154,-1.3671941759279145,1.3883500010694552,0.012225000230738706,-1.337254175667316
1,-0.041850008589238694,1.9405000004873498,-0.0366299998539669,-0.00020000956570050132,-1.912899999843873,-0.03426417583438187,1.35534998456099,0.00005000027117155886,1.3408550002882538,-1.335850009376187,0.015849999915810445,1.346265000047934,-1.363300008292429,-0.0024999997298249185,-1.392104175861678,1.3530999957819116,-0.0034999997754082135,-1.3736741756631594
1,0.029050007536102596,1.9138149997357692,-0.030820000519740626,-0.012599991487435583,-1.9154549997183334,-0.03317500036441852,1.3632500160868637,-0.022889999990870286,1.3603149996356891,-1.333799989419362,0.012860000294256213,1.3467200000121582,-1.3441999843332808,0.009989999940635621,-1.367174999890271,1.3883500010694552,0.012225000230738706,-1.3372350001729179
1,-0.041850008589238694,1.9405000004873498,-0.03661500029093688,-0.00020000956570050132,-1.912899999843873,-0.03426000044625883,1.35534998456099,0.00005000027117155886,1.3408649998158588,-1.335850009376187,0.015849999915810445,1.3462700000833596,-1.363300008292429,-0.0024999997298249185,-1.3920949998948844,1.3530999957819116,-0.0034999997754082135,-1.373670000275037
1,0.011349996212262618,1.8961050000271147,-0.05262500018424893,0.011349996212262611,-1.945227443188857,-0.052620000148823697,1.339849996972963,-0.023055000424778902,1.3669149996778942,-1.363150004513439,-0.01958499989015601,1.3448399997301594,-1.3599000086493054,-0.023444999774165094,-1.3697150005024374,1.3916499891391543,-0.01971000056808704,-1.3468000000357163
1,0.011349996212262618,1.8961050000271147,-0.052625000184249225,0.011349996212262611,-1.945227443188857,-0.0526200001488234,1.339849996972963,-0.023055000424778902,1.3669150002211397,-1.363150004513439,-0.01958499989015601,1.3448399997301586,-1.3599000086493054,-0.023444999774165094,-1.369714999959192,1.3916499891391543,-0.01971000056808704,-1.3468000000357172
1,0.011349996212262618,1.8961050000271147,-0.052625000184249225,0.011349996212262611,-1.945227443188857,-0.0526200001488234,1.339849996972963,-0.023055000424778902,1.3669150002211397,-1.363150004513439,-0.01958499989015601,1.3448399997301586,-1.3599000086493054,-0.023444999774165094,-1.369714999959192,1.3916499891391543,-0.01971000056808704,-1.3468000000357172
1,0.011349996212262618,1.8961050000271147,-0.05262500018424893,0.011349996212262611,-1.945227443188857,-0.052620000148823697,1.339849996972963,-0.023055000424778902,1.3669149996778942,-1.363150004513439,-0.01958499989015601,1.3448399997301594,-1.3599000086493054,-0.023444999774165094,-1.3697150005024374,1.3916499891391543,-0.01971000056808704,-1.3468000000357163
1,-0.013350010382372393,1.9114999999337094,-0.04144000025182849,-0.008150006134839446,-1.9236849435568049,-0.07126967595850364,1.3584949981515568,-0.027400001095320727,1.3382549997942295,-1.3485500124370424,-0.021750001183497042,1.3450599996591328,-1.3707500013190401,-0.03435000114322886,-1.361389176085868,1.347714989137153,-0.02480000082315184,-1.3792091757652254
1,0.008000002355853214,1.9082250006103105,-0.03884267578719369,0.008000002355853221,-1.9331199990292802,-0.03884267578719369,1.3806999984771435,-0.04450000010777868,1.3176150002351203,-1.323500006078867,-0.026479999793428924,1.3826900000792026,-1.3752999982450582,-0.029829999523585726,-1.3360533512098831,1.3338499952060743,-0.018299999374464235,-1.3906983510383006
1,0.01779999573496758,1.9029200004184308,-0.04314500038043368,0.012599991487434632,-1.9445599991512512,-0.013305000285095014,1.3886599907711668,-0.03911999950913962,1.339389999143831,-1.342150005119902,-0.00594000025539837,1.343754999648319,-1.3249000051330262,-0.022885000117406205,-1.3926850002723452,1.3755699914660888,-0.016415000214300077,-1.3664650002923415
1,-0.013350010382372393,1.9114999999337094,-0.04144000025182849,-0.008150006134839446,-1.9236849435568049,-0.07126967595850364,1.3584949981515568,-0.027400001095320727,1.3382549997942295,-1.3485500124370424,-0.021750001183497042,1.3450599996591328,-1.3707500013190401,-0.03435000114322886,-1.361389176085868,1.347714989137153,-0.02480000082315184,-1.3792091757652254
1,0.008000002355853214,1.9082250006103105,-0.0388800005844515,0.008000002355853221,-1.9331199990292802,-0.0388800005844515,1.3806999984771435,-0.04450000010777868,1.317574999408472,-1.323500006078867,-0.026479999793428924,1.3826499997958006,-1.3752999982450582,-0.029829999523585726,-1.3360950002446461,1.3338499952060743,-0.018299999374464235,-1.390735000580884
1,-0.013350010382372393,1.9114999999337094,-0.04141000003927621,-0.008150006134839446,-1.9236849435568049,-0.07125000013461488,1.3584949981515568,-0.027400001095320727,1.3382749999359307,-1.3485500124370424,-0.021750001183497042,1.3450799998008343,-1.3707500013190401,-0.03435000114322886,-1.3613700000482243,1.347714989137153,-0.02480000082315184,-1.3791900002708275
1,0.01779999573496758,1.9029200004184308,-0.04312767572487694,0.012599991487434632,-1.9445599991512512,-0.013299999706423968,1.3886599907711668,-0.03911999950913962,1.3394050003365987,-1.342150005119902,-0.00594000025539837,1.3437700002978406,-1.3249000051330262,-0.022885000117406205,-1.3926691755187655,1.3755699914660888,-0.016415000214300077,-1.3664491755387624
1,-0.013350010382372393,1.9114999999337094,-0.04141000003927621,-0.008150006134839446,-1.9236849435568049,-0.07125000013461488,1.3584949981515568,-0.027400001095320727,1.3382749999359307,-1.3485500124370424,-0.021750001183497042,1.3450799998008343,-1.3707500013190401,-0.03435000114322886,-1.3613700000482243,1.347714989137153,-0.02480000082315184,-1.3791900002708275
1,-0.012389999777998685,1.9220500010676353,-0.06422999983291756,0.024639991501893298,-1.9200999989428449,-0.04728999986945616,1.3627999911687525,-0.012549999688561107,1.271709999856791,-1.3806150076533399,0.015100000457823379,1.2948450002524856,-1.3602300033819303,-0.010899999959068919,-1.4274449999151633,1.3141400011495366,0.010100000229908604,-1.4290900001619122
1,-0.0010450150093201938,1.908195000601261,-0.01209917633548338,0.02986999650522945,-1.9355849996448562,-0.0493850005882498,1.3813643882343136,-0.025269999684494917,1.353769999439916,-1.337460013720928,-0.019499999736469237,1.3266649997085918,-1.3263900064545806,-0.016789999943294033,-1.3974991760583282,1.3603643888407833,0.005935000381933439,-1.3677441760219726
1,0.0479000025616891,1.9167300004870973,-0.031315000224120274,0.01087001128179712,-1.9237849994142828,-0.048290000435558575,1.372185012572587,0.03157499992195824,1.3160649995749598,-1.3371100003762395,0.015909999933911873,1.31354499964774,-1.3509799921697594,0.022960000524164824,-1.4017641758543102,1.3758749968865058,-0.00018499992776493945,-1.3977341760935778
1,-0.010969995692925255,1.9214500001183665,-0.08306000014922799,0.014979992595734605,-1.9081999997064591,-0.008806675824272775,1.3400693868367703,0.008300000455164134,1.3159100001065136,-1.382989997318051,0.030549999740788716,1.289779999677674,-1.3343300072988349,0.00789999982231902,-1.4418791759536231,1.360164392856242,0.0064000001380774,-1.3825791757390358
1,0.0479000025616891,1.9167300004870973,-0.03133500036582179,0.01087001128179712,-1.9237849994142828,-0.04827000029385796,1.372185012572587,0.03157499992195824,1.316065000118205,-1.3371100003762395,0.015909999933911873,1.3135449996477395,-1.3509799921697594,0.022960000524164824,-1.4017650005016138,1.3758749968865058,-0.00018999980122902382,-1.3977350001976347
1,-0.012389999777998685,1.9220500010676353,-0.06426000004546939,0.024639991501893298,-1.9200999989428449,-0.04728499983403109,1.3627999911687525,-0.012549999688561107,1.2717000003291856,-1.3806150076533399,0.015100000457823379,1.2948350001816349,-1.3602300033819303,-0.010899999959068919,-1.427454175338711,1.3141400011495366,0.010100000229908604,-1.4290991755854596
1,-0.0010450150093201938,1.908195000601261,-0.012104999931719325,0.02986999650522945,-1.9355849996448562,-0.04937499943090681,1.3813643882343136,-0.025269999684494917,1.3537600004555572,-1.337460013720928,-0.019494999863005152,1.3266550001809874,-1.3263900064545806,-0.016789999943294033,-1.3975099996899898,1.3603643888407833,0.005935000381933439,-1.3677549996536342
1,-0.012389999777998685,1.9220500010676353,-0.06426000004546939,0.024639991501893298,-1.9200999989428449,-0.04728499983403109,1.3627999911687525,-0.012549999688561107,1.2717000003291856,-1.3806150076533399,0.015100000457823379,1.2948350001816349,-1.3602300033819303,-0.010899999959068919,-1.427454175338711,1.3141400011495366,0.010100000229908604,-1.4290991755854596
1,0.0479000025616891,1.9167300004870973,-0.03133500036582179,0.01087001128179712,-1.9237849994142828,-0.04827000029385796,1.372185012572587,0.03157499992195824,1.316065000118205,-1.3371100003762395,0.015909999933911873,1.3135449996477395,-1.3509799921697594,0.022960000524164824,-1.4017650005016138,1.3758749968865058,-0.00018999980122902382,-1.3977350001976347
1,-0.010969995692925255,1.9214500001183665,-0.0830349999721014,0.014979992595734605,-1.9081999997064591,-0.008800000418437426,1.3400693868367703,0.008300000455164134,1.3159149995986932,-1.382989997318051,0.030549999740788716,1.289784999713099,-1.3343300072988349,0.00789999982231902,-1.441875000022255,1.360164392856242,0.0064000001380774,-1.3825750003509134
1,0.0479000025616891,1.9167300004870973,-0.031315000224120274,0.01087001128179712,-1.9237849994142828,-0.048290000435558575,1.372185012572587,0.03157499992195824,1.3160649995749598,-1.3371100003762395,0.015909999933911873,1.31354499964774,-1.3509799921697594,0.022960000524164824,-1.4017641758543102,1.3758749968865058,-0.00018499992776493945,-1.3977341760935778
1,-0.012389999777998685,1.9220500010676353,-0.06422999983291756,0.024639991501893298,-1.9200999989428449,-0.04728999986945616,1.3627999911687525,-0.012549999688561107,1.271709999856791,-1.3806150076533399,0.015100000457823379,1.2948450002524856,-1.3602300033819303,-0.010899999959068919,-1.4274449999151633,1.3141400011495366,0.010100000229908604,-1.4290900001619122
1,-0.0025000041314855587,1.9334899996530757,-0.02714999950690601,0.00600000176688497,-1.9293849998232009,-0.05688499994480617,1.3664999983698576,-0.02639500040800797,1.3304200002371638,-1.3400000007519512,-0.005479999604451419,1.328594999801597,-1.3624999971919194,0.003354999603620873,-1.4023991760073529,1.3549999983785965,0.009664999714548261,-1.355754175818543
1,0.033930012775888176,1.9051699995606604,-0.07037999994632355,0.0030199991237801274,-1.9336999997164264,-0.033105000411710814,1.344929400626795,-0.013040000348557077,1.3324399998813325,-1.3345299897022398,-0.0038649989892073494,1.3098499995442703,-1.3546249957217111,-0.001954999693457842,-1.4241200002601806,1.367429397066763,-0.021874999556629374,-1.3690300005383893
1,-0.0025000041314855587,1.9334899996530757,-0.027180000805949317,0.00600000176688497,-1.9293849998232009,-0.05688000045262691,1.3664999983698576,-0.02639500040800797,1.3303999995522173,-1.3400000007519512,-0.005479999604451419,1.3285799996953214,-1.3624999971919194,0.003354999603620873,-1.4024100001822597,1.3549999983785965,0.009664999714548261,-1.355770000572121
1,0.033930012775888176,1.9051699995606604,-0.07040000063127072,0.0030199991237801274,-1.9336999997164264,-0.03311417637850429,1.344929400626795,-0.013040000348557077,1.3324299992672362,-1.3345299897022398,-0.0038649989892073494,1.3098499995442707,-1.3546249957217111,-0.001954999693457842,-1.4241241761915482,1.367429397066763,-0.021874999556629374,-1.3690341759265114
1,-0.02150000293606938,1.919110000180721,-0.014495000024374573,-0.023999993486405885,-1.9241400004176867,-0.01130000020395655,1.3604999966029727,0.011625000049735573,1.3530250001372557,-1.364499997780881,-0.02377500064198275,1.3292949998719215,-1.353000011370769,-0.013569999996266109,-1.3834641754903572,1.3745000007257193,-0.003960000426353902,-1.3546941753705828
1,-0.02150000293606938,1.919110000180721,-0.01450000005979965,-0.023999993486405885,-1.9241400004176867,-0.0113249998378369,1.3604999966029727,0.011625000049735573,1.3530049999955551,-1.364499997780881,-0.02377500064198275,1.3292800003088914,-1.353000011370769,-0.013569999996266109,-1.3834799997006901,1.3745000007257193,-0.003960000426353902,-1.3547099995809153
1,-0.02150000293606938,1.919110000180721,-0.014495000024374573,-0.023999993486405885,-1.9241400004176867,-0.01130000020395655,1.3604999966029727,0.011625000049735573,1.3530250001372557,-1.364499997780881,-0.02377500064198275,1.3292949998719215,-1.353000011370769,-0.013569999996266109,-1.3834641754903572,1.3745000007257193,-0.003960000426353902,-1.3546941753705828
1,-0.02150000293606938,1.919110000180721,-0.01450000005979965,-0.023999993486405885,-1.9241400004176867,-0.0113249998378369,1.3604999966029727,0.011625000049735573,1.3530049999955551,-1.364499997780881,-0.02377500064198275,1.3292800003088914,-1.353000011370769,-0.013569999996266109,-1.3834799997006901,1.3745000007257193,-0.003960000426353902,-1.3547099995809153
1,0.05300000881694702,1.894210000351757,0.04350000017939881,0.053000008816947025,-1.9471249995409052,0.043500000179398805,1.3524999942470959,-0.005259999794172111,1.406340000320979,-1.3944999930341868,-0.028024999107112647,1.339099999805395,-1.345499985395163,-0.04243499935678248,-1.3596133513572508,1.3774999948185798,-0.021434999167805377,-1.31965335126963
1,0.0010000070850478202,1.8754524441796794,0.03834499951017689,0.0010000070850478132,-1.9658749990511213,0.038344999510176885,1.3720000101753527,-0.05701499991382468,1.3691200000895516,-1.34699999602275,-0.046039999547998214,1.3744750000027997,-1.3934999995302881,-0.050669999152117534,-1.3403899997099344,1.3230000025363289,-0.0425999990224253,-1.364630000329171
1,0.05300000881694702,1.894210000351757,0.043505000214824036,0.053000008816947025,-1.9471249995409052,0.04350500021482405,1.3524999942470959,-0.005259999794172111,1.4063250002147036,-1.3944999930341868,-0.028024999107112647,1.3390800002069403,-1.345499985395163,-0.04243499935678248,-1.3596299996716406,1.3774999948185798,-0.021434999167805377,-1.3196700001272657
1,0.0010000070850478202,1.8754524441796794,0.03834000001799838,0.0010000070850478132,-1.9658749990511213,0.03834000001799837,1.3720000101753527,-0.05701499991382468,1.369120000089552,-1.34699999602275,-0.04603499967453413,1.3744750005460462,-1.3934999995302881,-0.050669999152117534,-1.3403950002886047,1.3230000025363289,-0.0425999990224253,-1.3646299997859241
1,0.0370000041052387,1.8823448872945538,0.03952500026509792,0.049499997600398554,-1.9477999993604012,0.04459500033208912,1.3854999971744113,-0.0067350001110935455,1.3623200008033196,-1.3785000019036275,-0.04489499933062863,1.3325600001882927,-1.358999999556535,-0.06517999994413165,-1.3647941752211632,1.3464999924802261,-0.029119999053309933,-1.3808741756104297
1,0.0010000070850478202,1.8754524441796794,0.03834499951017689,0.0010000070850478132,-1.9658749990511213,0.038344999510176885,1.3720000101753527,-0.05701499991382468,1.3691200000895516,-1.34699999602275,-0.046039999547998214,1.3744750000027997,-1.3934999995302881,-0.050669999152117534,-1.3403899997099344,1.3230000025363289,-0.0425999990224253,-1.364630000329171
1,0.0370000041052387,1.8823448872945538,0.03952000022967285,0.049499997600398554,-1.9477999993604012,0.044604999859694384,1.3854999971744113,-0.0067350001110935455,1.3623149996814028,-1.3785000019036275,-0.04488999945716454,1.332555000152868,-1.358999999556535,-0.06517999994413165,-1.3647999999038913,1.3464999924802261,-0.029119999053309933,-1.3808800002931574
1,0.0010000070850478202,1.8754524441796794,0.03834000001799838,0.0010000070850478132,-1.9658749990511213,0.03834000001799837,1.3720000101753527,-0.05701499991382468,1.369120000089552,-1.34699999602275,-0.04603499967453413,1.3744750005460462,-1.3934999995302881,-0.050669999152117534,-1.3403950002886047,1.3230000025363289,-0.0425999990224253,-1.3646299997859241
1,-0.03249999938479149,1.909359500069692,0.01698500028228831,-0.01550000116916933,-1.9322200002943068,-0.025000000028172268,1.3495000001542357,-0.034279999841669365,1.3457350000955772,-1.3489999966117265,0.002485000109432353,1.3549099999114342,-1.3684999989588194,0.023420000406844912,-1.3874749997566918,1.3549999983785814,0.015819999906761126,-1.3461150000716682
1,-0.03249999938479149,1.9093600002106914,0.016979999703616973,-0.01550000116916933,-1.9322200002943068,-0.024974999851046422,1.3495000001542357,-0.034279999841669365,1.3457499996586062,-1.3489999966117265,0.002485000109432353,1.35492500001771,-1.3684999989588194,0.023420000406844912,-1.387459175546359,1.3549999983785814,0.015819999906761126,-1.346099175318089
1,-0.03249999938479149,1.909359500069692,0.01698500028228831,-0.01550000116916933,-1.9322200002943068,-0.025000000028172268,1.3495000001542357,-0.034279999841669365,1.3457350000955772,-1.3489999966117265,0.002485000109432353,1.3549099999114342,-1.3684999989588194,0.023420000406844912,-1.3874749997566918,1.3549999983785814,0.015819999906761126,-1.3461150000716682
1,-0.03249999938479149,1.9093600002106914,0.016979999703616973,-0.01550000116916933,-1.9322200002943068,-0.024974999851046422,1.3495000001542357,-0.034279999841669365,1.3457499996586062,-1.3489999966117265,0.002485000109432353,1.35492500001771,-1.3684999989588194,0.023420000406844912,-1.387459175546359,1.3549999983785814,0.015819999906761126,-1.346099175318089
1,-0.04099999170201295,1.9278940003428833,0.03649499998397581,-0.04099999170201296,-1.913434999365046,0.03650000001940104,1.3130000131726849,-0.016459999843742287,1.3701699999234156,-1.4179999829780687,-0.048315000362345234,1.347030000035541,-1.3449999954337732,-0.015064999807043435,-1.3626599999527624,1.3570000125487072,-0.012314999489623762,-1.3462549999770834
1,-0.04099999170201295,1.9278940003428833,0.03648999994855104,-0.04099999170201296,-1.913434999365046,0.036494999983976414,1.3130000131726849,-0.016459999843742287,1.3701699999234156,-1.4179999829780687,-0.048315000362345234,1.3470299994922952,-1.3449999954337732,-0.015064999807043435,-1.362660000496008,1.3570000125487072,-0.012314999489623762,-1.3462549999770836
1,0.016499994673083163,1.9162245000657097,0.027349999837425087,0.016499994673083163,-1.9251049998124894,0.027349999837425084,1.3834999965854649,-0.008710000066673301,1.3425699999444651,-1.34699999602275,-0.01122000031169166,1.3859950001357304,-1.387499997763403,0.03606499999602021,-1.3105183511939291,1.3105000090411691,-0.04196000062197511,-1.3801983516131744
1,-0.006999995270783724,1.9054175001822522,0.05821500013274712,-0.025000000571468783,-1.9425699995752788,0.008939999780607322,1.3455000125574612,-0.037209999445124084,1.3319199994565807,-1.3959999900806248,-0.04388499953811738,1.3723099998745452,-1.369999996005242,-0.01102999974219715,-1.3587000001447374,1.288000012601201,0.0003450004882095854,-1.386085000230139
1,0.016499994673083163,1.9162245000657097,0.027360000451521205,0.016499994673083163,-1.9251049998124894,0.027355000416095974,1.3834999965854649,-0.008710000066673301,1.3425599998736146,-1.34699999602275,-0.01122000031169166,1.3859850000648801,-1.387499997763403,0.03606499999602021,-1.3105300000161395,1.3105000090411691,-0.04196000062197511,-1.3802099998921387
1,-0.006999995270783724,1.9054175001822522,0.05816499977849452,-0.025000000571468783,-1.9425699995752788,0.00892499967433133,1.3455000125574612,-0.037209999445124084,1.3318949998226997,-1.3959999900806248,-0.04388499953811738,1.3722849996974187,-1.369999996005242,-0.01102999974219715,-1.358724176217807,1.288000012601201,0.0003450004882095854,-1.3861091757599626
1,-0.006500005309423948,1.894389999637792,0.013774999812348494,0.03149999229974367,-1.9503949997591057,-0.02125000007827095,1.3615000036880054,-0.02933999963185472,1.3204650003274243,-1.35299999778965,-0.048345000371395525,1.3475349998107717,-1.3449999954337883,-0.019739999808870666,-1.3690291753478405,1.3485000066503217,-0.023930000560697412,-1.3919241756728602
1,-0.006500005309423948,1.894389999637792,0.013774999812348494,0.03149999229974367,-1.9503949997591057,-0.02125000007827095,1.3615000036880054,-0.02933999963185472,1.3204650003274243,-1.35299999778965,-0.048345000371395525,1.3475349998107717,-1.3449999954337883,-0.019739999808870666,-1.3690291753478405,1.3485000066503217,-0.023930000560697412,-1.3919241756728602
1,-0.006500005309423948,1.894389999637792,0.013740000107617702,0.03149999229974367,-1.9503949997591057,-0.021294999853852366,1.3615000036880054,-0.02933999963185472,1.3204449996424774,-1.35299999778965,-0.048345000371395525,1.3475150002123164,-1.3449999954337883,-0.019739999808870666,-1.3690500001368442,1.3485000066503217,-0.023930000560697412,-1.3919449999186178
1,-0.006500005309423948,1.894389999637792,0.013740000107617702,0.03149999229974367,-1.9503949997591057,-0.021294999853852366,1.3615000036880054,-0.02933999963185472,1.3204449996424774,-1.35299999778965,-0.048345000371395525,1.3475150002123164,-1.3449999954337883,-0.019739999808870666,-1.3690500001368442,1.3485000066503217,-0.023930000560697412,-1.3919449999186178
1,-0.006999995270783724,1.9054175001822522,0.05816499977849452,-0.025000000571468783,-1.9425699995752788,0.00892499967433133,1.3455000125574612,-0.037209999445124084,1.3318949998226997,-1.3959999900806248,-0.04388499953811738,1.3722849996974187,-1.369999996005242,-0.01102999974219715,-1.358724176217807,1.288000012601201,0.0003450004882095854,-1.3861091757599626
1,0.011999989952635945,1.8935319989179984,-0.05587000035891894,-0.009499999402299439,-1.9327100009543035,-0.026165000133570742,1.3654999912847947,-0.03684000035786013,1.3205699999848628,-1.3869999942208793,-0.021945000858189394,1.3360749995596986,-1.3495000001542508,-0.037230000475511914,-1.381669999914645,1.32249999899379,0.0013099991147469021,-1.413194999996889
1,-0.006999995270783724,1.9054175001822522,0.05821500013274712,-0.025000000571468783,-1.9425699995752788,0.008939999780607322,1.3455000125574612,-0.037209999445124084,1.3319199994565807,-1.3959999900806248,-0.04388499953811738,1.3723099998745452,-1.369999996005242,-0.01102999974219715,-1.3587000001447374,1.288000012601201,0.0003450004882095854,-1.386085000230139
1,0.011999989952635945,1.8935319989179984,-0.055855000252643686,-0.009499999402299439,-1.9327150008277676,-0.026179999696600773,1.3654999912847947,-0.03684000035786013,1.3205750000202885,-1.3869999942208793,-0.021945000858189394,1.3360800001383697,-1.3495000001542508,-0.037230000475511914,-1.3816641757751622,1.32249999899379,0.0013099991147469021,-1.413189175857407
1,0.001000007085047827,1.934184999734693,-0.007099999782011042,0.0005000035425239135,-1.9126299997624217,-0.03444000009183103,1.353000011370769,0.013445000086601738,1.3193750002101585,-1.3929999824066153,0.010715000031303979,1.3167150003775223,-1.3924999924452401,0.00843500011175878,-1.3883841755810828,1.3095000155372554,0.03364499977815271,-1.4034441758057907
1,0.001000007085047827,1.934189999608157,-0.007090000254405947,0.0005000035425239135,-1.9126299997624217,-0.03445500019810627,1.353000011370769,0.013445000086601738,1.3193600001038828,-1.3929999824066153,0.010715000031303979,1.3167049997634268,-1.3924999924452401,0.00843500011175878,-1.3883999997914147,1.3095000155372554,0.03364499977815271,-1.403454999980698
1,0.011999989952635945,1.8935319989179984,-0.055855000252643686,-0.009499999402299439,-1.9327150008277676,-0.026179999696600773,1.3654999912847947,-0.03684000035786013,1.3205750000202885,-1.3869999942208793,-0.021945000858189394,1.3360800001383697,-1.3495000001542508,-0.037230000475511914,-1.3816641757751622,1.32249999899379,0.0013099991147469021,-1.413189175857407
1,0.011999989952635945,1.8935319989179984,-0.05587000035891894,-0.009499999402299439,-1.9327100009543035,-0.026165000133570742,1.3654999912847947,-0.03684000035786013,1.3205699999848628,-1.3869999942208793,-0.021945000858189394,1.3360749995596986,-1.3495000001542508,-0.037230000475511914,-1.381669999914645,1.32249999899379,0.0013099991147469021,-1.413194999996889
1,-0.014499994084121517,1.9097350000414806,-0.0024849996792430037,-0.014499994084121504,-1.9316024437045145,-0.0024849996792430003,1.35200001786687,-0.03409500068216992,1.3672649999846795,-1.3614999901068714,0.00017500018083709684,1.3770300001779971,-1.3690000025013433,-0.02137000004450644,-1.3484799994439505,1.3834999965854649,-0.01493000015045048,-1.3627600001180218
1,-0.014499994084121517,1.9097355001824803,-0.0024849996792430037,-0.014499994084121504,-1.9316019435635146,-0.0024849996792430037,1.35200001786687,-0.03409500068216992,1.3672649999846795,-1.3614999901068714,0.00017500018083709684,1.3770300001779971,-1.3690000025013433,-0.02137000004450644,-1.3484799999871964,1.3834999965854649,-0.01493000015045048,-1.362765000153447
1,-0.050000001142937546,1.9191774996560766,0.0008199998340381459,-0.004999994681837143,-1.9357700003408866,0.01952000031578406,1.33450000252759,-0.008290000708237141,1.3585350000621954,-1.3564999954250494,-0.026890000941468012,1.3902549998962876,-1.3905000054374126,-0.04207500078471195,-1.314199175838426,1.3190000013584058,-0.00463000037238492,-1.3731391756753775
1,-0.050000001142937546,1.9191774996560766,0.0007949996569124596,-0.004999994681837143,-1.9357700003408866,0.019534999335567987,1.33450000252759,-0.008290000708237141,1.3585349995189497,-1.3564999954250494,-0.026890000941468012,1.3902549993530418,-1.3905000054374126,-0.04207500078471195,-1.3142000004857286,1.3190000013584058,-0.00463000037238492,-1.37314000032268
1,-0.050000001142937546,1.9191774996560766,0.0008199998340381459,-0.004999994681837143,-1.9357700003408866,0.01952000031578406,1.33450000252759,-0.008290000708237141,1.3585350000621954,-1.3564999954250494,-0.026890000941468012,1.3902549998962876,-1.3905000054374126,-0.04207500078471195,-1.314199175838426,1.3190000013584058,-0.00463000037238492,-1.3731391756753775
1,-0.050000001142937546,1.9191774996560766,0.0007949996569124596,-0.004999994681837143,-1.9357700003408866,0.019534999335567987,1.33450000252759,-0.008290000708237141,1.3585349995189497,-1.3564999954250494,-0.026890000941468012,1.3902549993530418,-1.3905000054374126,-0.04207500078471195,-1.3142000004857286,1.3190000013584058,-0.00463000037238492,-1.37314000032268
1,-0.012000017114918993,1.9084215001265794,0.043619999399867035,-0.012000017114918993,-1.9329099997341948,0.04361999939986705,1.3544999812549388,-0.0021299998742947274,1.3687250000071849,-1.3835000101665988,0.004504999694454531,1.3767599998947702,-1.388500004848436,-0.032320000274747226,-1.3188850005412034,1.3584999960139958,-0.030525000373468118,-1.3375800004442775
1,-0.012000017114918993,1.9084215001265794,0.043614999907687926,-0.012000017114918993,-1.9329099997341948,0.043614999907687926,1.3544999812549388,-0.0021299998742947274,1.368720000515006,-1.3835000101665988,0.004504999694454531,1.3767599998947702,-1.388500004848436,-0.032320000274747226,-1.318884999997958,1.3584999960139958,-0.03052000050000404,-1.337579999901032
1,0,1.9110098494618928,-0.012734999506090049,0,-1.9302925936333222,-0.01272999947066452,1.3749999906870791,-0.018205000242114466,1.3276799998377244,-1.371000003090305,-0.03792000068366559,1.3549400001239864,-1.371000016671454,-0.0007999997291603111,-1.3467949994570452,1.3495000001542505,-0.01765499956401846,-1.3828949999019007
1,0.015499987588020264,1.9204400003258562,-0.006750000018471751,0.015499987588020271,-1.9208750000729506,-0.006750000018471751,1.3494999865730866,0.03206000070849013,1.3688400002787202,-1.3914999989413266,-0.02691999941398711,1.347634999976031,-1.3370000066590757,-0.023344999231821123,-1.3799400001521585,1.3495000001542354,-0.005065000119479444,-1.3618849998943048
1,0.015499987588020264,1.9204400003258562,-0.0067499994752254835,0.015499987588020271,-1.9208750000729506,-0.0067499994752254835,1.3494999865730866,0.03206000070849013,1.3688399997354748,-1.3914999989413266,-0.02691999941398711,1.347635000519277,-1.3370000066590757,-0.023344999231821123,-1.3799399996089121,1.3495000001542354,-0.005065000119479444,-1.361884999894305
1,0.015499987588020264,1.9204378499500372,-0.006750000018471744,0.015499987588020271,-1.9209045929011563,-0.006750000018471751,1.3494999865730866,0.032045000319831554,1.3688300002078697,-1.3909999953988026,-0.026934999802644622,1.347634999976031,-1.3370000066590757,-0.02335499974701477,-1.3799450001875837,1.3495000001542354,-0.00507500063467373,-1.36188999992973
1,0.015499987588020264,1.920437949824584,-0.006739999404375023,0.015499987588020271,-1.9209044930266097,-0.006739999404375023,1.3494999865730866,0.032045000319831554,1.3688399997354748,-1.3909999953988026,-0.026934999802644622,1.3476450005901275,-1.3370000066590757,-0.02335499974701477,-1.3799349995734869,1.3495000001542354,-0.00507500063467373,-1.361884999894305
1,0,1.9110350001775651,-0.012741626019792854,0,-1.9303199999772198,-0.01274247565640766,1.3749999906870791,-0.018235000251165395,1.3276949999439998,-1.371000003090305,-0.03793000043059354,1.3549550002302622,-1.371000016671454,-0.0008049996026239653,-1.3467783516859013,1.3495000001542505,-0.01766999995267619,-1.382878351044265
1,0,1.9110350001775651,-0.012734999506090049,0,-1.9303199999772198,-0.012739999541515577,1.3749999906870791,-0.018235000251165395,1.327679999837724,-1.371000003090305,-0.03793000043059354,1.3549400001239862,-1.371000016671454,-0.0008049996026239653,-1.3467949994570456,1.3495000001542505,-0.01766999995267619,-1.382894999901901
1,0,1.9110098494618928,-0.01274247565640766,0,-1.9302925936333222,-0.012741626019792854,1.3749999906870791,-0.018205000242114466,1.3276899999085745,-1.371000003090305,-0.03792000068366559,1.3549550002302622,-1.371000016671454,-0.0007999997291603111,-1.346783351721327,1.3495000001542505,-0.01765499956401846,-1.3828833510796903
1,-0.00649999172825981,1.879035499628175,-0.016807174163632393,-0.006499991728259817,-1.9622949997637575,-0.016807174163632477,1.3130000131726849,-0.016175000141898654,1.3841075014303317,-1.4024999953900337,-0.05961500018599389,1.3133525015433425,-1.358999985975371,-0.060075000836939674,-1.4116308499535595,1.389500011933514,-0.028755000607775638,-1.3443058499222382
1,-0.00649999172825981,1.8790353997536284,-0.016815000164321067,-0.006499991728259817,-1.9622949997637575,-0.016815000164321067,1.3130000131726849,-0.016175000141898654,1.3841050003261273,-1.4024999953900337,-0.05961500018599389,1.3133499998958917,-1.358999985975371,-0.060075000836939674,-1.411634999809124,1.389500011933514,-0.028755000607775638,-1.3443100003210484
1,0.025000014152617836,1.8869852000980263,0.000816875083521719,0.00700000885196294,-1.937984999600602,-0.011212799999006595,1.3725000137178918,-0.01582499978022521,1.3249818750065945,-1.3489999966116966,-0.007130000102209627,1.3388318753503214,-1.3439999883487255,-0.018050000323400137,-1.3947923006219574,1.3640000078195214,-0.022195000677518763,-1.381537300147869
1,0.025000014152617836,1.8869851501607529,0.0008100003064342512,0.00700000885196294,-1.937984999600602,-0.011214999601726741,1.3725000137178918,-0.01582499978022521,1.3249800002649323,-1.3489999966116966,-0.007130000102209627,1.338830000065414,-1.3439999883487255,-0.018050000323400137,-1.3947949994676763,1.3640000078195214,-0.022195000677518763,-1.3815400000800802
1,0.025000014152617836,1.8869852000980263,0.000816875083521719,0.00700000885196294,-1.937984999600602,-0.011212799999006595,1.3725000137178918,-0.01582499978022521,1.3249818750065945,-1.3489999966116966,-0.007130000102209627,1.3388318753503214,-1.3439999883487255,-0.018050000323400137,-1.3947923006219574,1.3640000078195214,-0.022195000677518763,-1.381537300147869
1,0.025000014152617836,1.8869851501607529,0.0008100003064342512,0.00700000885196294,-1.937984999600602,-0.011214999601726741,1.3725000137178918,-0.01582499978022521,1.3249800002649323,-1.3489999966116966,-0.007130000102209627,1.338830000065414,-1.3439999883487255,-0.018050000323400137,-1.3947949994676763,1.3640000078195214,-0.022195000677518763,-1.3815400000800802
1,0.025000000571468776,1.9039521938717638,0.031693575809415744,-0.008999995859745383,-1.934625000123517,0.023748400547808524,1.3625000107730834,-0.007164999984723891,1.3426435755418025,-1.3469999960227348,-0.007990000617735787,1.371518575862262,-1.3384999901243644,-0.0016199997204422306,-1.3544205999859724,1.3569999989675734,-0.021595000496515835,-1.3438806002774437
1,0.0034999976353994044,1.9088274438763806,-0.03175000004664372,0.0034999976353994044,-1.9325049999961506,-0.03175000004664372,1.3604999966029576,-0.003605000191215735,1.3897099998376548,-1.3370000066590908,-0.0029549997390409285,1.3847099997233712,-1.372000010175353,-0.005839999713053018,-1.3159950001654976,1.3725000001367427,-0.027544999730575392,-1.3280400002153598
1,0.025000000571468776,1.9039521439344904,0.031719999290846373,-0.008999995859745383,-1.934625000123517,0.023749999863789645,1.3625000107730834,-0.007164999984723891,1.3426449993893526,-1.3469999960227348,-0.007990000617735787,1.3715199991665652,-1.3384999901243644,-0.0016199997204422306,-1.3544200007857248,1.3569999989675734,-0.021595000496515835,-1.3438799999907043
1,0.0034999976353994044,1.9088274438763806,-0.03174432475654278,0.0034999976353994044,-1.9325049999961506,-0.03174432475654268,1.3604999966029576,-0.003605000191215735,1.3897138514512104,-1.3370000066590908,-0.0029549997390409285,1.3847138513369264,-1.372000010175353,-0.005839999713053018,-1.3159894998005823,1.3725000001367427,-0.027544999730575392,-1.3280395004291157
1,0.016999998215622154,1.922177199753861,0.011615000262764609,0.01699999821562216,-1.9191499999366994,0.011615000262764602,1.340999994255865,-0.017755000106362537,1.3918749999659104,-1.3480000031077979,-0.028095000408672355,1.398105000102875,-1.3589999995565198,-0.013505000872967063,-1.3373449998657825,1.375999997772127,-0.014870000132350448,-1.3398799998992779
1,0.0034999976353994044,1.9088274438763806,-0.03175000004664372,0.0034999976353994044,-1.9325049999961506,-0.03175000004664372,1.3604999966029576,-0.003605000191215735,1.3897099998376548,-1.3370000066590908,-0.0029549997390409285,1.3847099997233712,-1.372000010175353,-0.005839999713053018,-1.3159950001654976,1.3725000001367427,-0.027544999730575392,-1.3280400002153598
1,0.016999998215622154,1.9221770499420407,0.011615000262764755,0.01699999821562216,-1.9191499999366994,0.011615000262764762,1.340999994255865,-0.017755000106362537,1.3918749999659106,-1.3480000031077979,-0.028095000408672355,1.3981049995596293,-1.3589999995565198,-0.013505000872967063,-1.337345000409028,1.375999997772127,-0.014870000132350448,-1.3398800004425233
1,0.0034999976353994044,1.9088274438763806,-0.03174432475654278,0.0034999976353994044,-1.9325049999961506,-0.03174432475654268,1.3604999966029576,-0.003605000191215735,1.3897138514512104,-1.3370000066590908,-0.0029549997390409285,1.3847138513369264,-1.372000010175353,-0.005839999713053018,-1.3159894998005823,1.3725000001367427,-0.027544999730575392,-1.3280395004291157
1,-0.004500004720454753,1.9185172939146948,-0.0009530250051189432,0.018999998804568735,-1.9334599996440254,-0.021526200427154904,1.3549999983785965,-0.023954999928017584,1.4081619754200307,-1.3285000007607053,-0.038559999852380726,1.3994119748125997,-1.3560000054636596,-0.004684999748755386,-1.2949222003865852,1.3810000060351206,-0.01314000012263556,-1.3119272008105751
1,-0.004500004720454753,1.9185173937892417,-0.0009549997040292357,0.018999998804568735,-1.9334599996440254,-0.021529999889102383,1.3549999983785965,-0.023954999928017584,1.4081600001778745,-1.3285000007607053,-0.038559999852380726,1.3994050000782643,-1.3560000054636596,-0.004684999748755386,-1.2949249997327987,1.3810000060351206,-0.01314000012263556,-1.3119250001213627
1,0.015999991130551713,1.910179999535503,-0.01567350033407041,0.006000001766884977,-1.9048400002293744,0.00610055006726852,1.3670000019123743,0.002650000543341302,1.3066151759953737,-1.3634999906958332,0.022020000496681666,1.3610301758239667,-1.3580000060526212,-0.02280499983718394,-1.3602589996735228,1.3505000072392908,0.025700000326390318,-1.4024140001019512
1,0.015999991130551713,1.910179999535503,-0.015675000236048446,0.006000001766884977,-1.9048400002293744,0.006100000302399794,1.3670000019123743,0.002650000543341302,1.306615000526942,-1.3634999906958332,0.022020000496681666,1.3610250003201094,-1.3580000060526212,-0.02280499983718394,-1.360259999789257,1.3505000072392908,0.025700000326390318,-1.4024099996390138
1,0.015999991130551713,1.910179999535503,-0.015675000236048446,0.006000001766884977,-1.9048400002293744,0.006100000302399794,1.3670000019123743,0.002650000543341302,1.306615000526942,-1.3634999906958332,0.022020000496681666,1.3610250003201094,-1.3580000060526212,-0.02280499983718394,-1.360259999789257,1.3505000072392908,0.025700000326390318,-1.4024099996390138
1,0.015999991130551713,1.910179999535503,-0.01567350033407041,0.006000001766884977,-1.9048400002293744,0.00610055006726852,1.3670000019123743,0.002650000543341302,1.3066151759953737,-1.3634999906958332,0.022020000496681666,1.3610301758239667,-1.3580000060526212,-0.02280499983718394,-1.3602589996735228,1.3505000072392908,0.025700000326390318,-1.4024140001019512
1,0.004499991139305687,1.882207350056209,0.020485000090664375,0.004499991139305701,-1.9591200002144373,0.020485000090664368,1.3474999995652814,-0.04621999960229918,1.3533950000424964,-1.3540000048746903,-0.0032699994499342045,1.3714450002649246,-1.3474999995652739,-0.039859999988464956,-1.3402599998753684,1.3779999983611035,-0.023194999954835933,-1.3806200000807816
1,0.004499991139305687,1.882207350056209,0.02048500009066407,0.004499991139305701,-1.9591200002144373,0.02048500009066407,1.3474999995652814,-0.04621999960229918,1.3533949994992502,-1.3540000048746903,-0.0032699994499342045,1.3714449991784323,-1.3474999995652739,-0.03985499934673509,-1.3402599998753688,1.3779999983611035,-0.023194999954835933,-1.3806250001162064
1,0.03849998757052739,1.8989800002541988,0.014050000131001272,-0.025500004113992683,-1.9474150006527449,0.017575000116502718,1.37899999186501,-0.03486500040228027,1.3248800000996728,-1.3400000007519512,0.009860000157507175,1.36617500041066,-1.3354999960314964,-0.018094999952842555,-1.3527549998540291,1.3779999983611035,-0.04216000017013292,-1.3921950000601435
1,0.03849998757052739,1.8989800002541988,0.014045999668064094,-0.025500004113992683,-1.9474150006527449,0.01757314980526218,1.37899999186501,-0.03486500040228027,1.3248771752209016,-1.3400000007519512,0.009860000157507175,1.366177175024068,-1.3354999960314964,-0.018094999952842555,-1.3527570000854978,1.3779999983611035,-0.04216000017013292,-1.3922020003270372
1,0.03849998757052739,1.8989800002541988,0.014045999668064094,-0.025500004113992683,-1.9474150006527449,0.01757314980526218,1.37899999186501,-0.03486500040228027,1.3248771752209016,-1.3400000007519512,0.009860000157507175,1.366177175024068,-1.3354999960314964,-0.018094999952842555,-1.3527570000854978,1.3779999983611035,-0.04216000017013292,-1.3922020003270372
1,0.03849998757052739,1.8989800002541988,0.014050000131001272,-0.025500004113992683,-1.9474150006527449,0.017575000116502718,1.37899999186501,-0.03486500040228027,1.3248800000996728,-1.3400000007519512,0.009860000157507175,1.36617500041066,-1.3354999960314964,-0.018094999952842555,-1.3527549998540291,1.3779999983611035,-0.04216000017013292,-1.3921950000601435
1,-0.05349999877832942,1.9090890498863096,0.03546169986485564,0.010499992906190664,-1.9271699997952199,0.03193499972764067,1.3505000072392983,-0.022904999611262633,1.3609661749359259,-1.34699999602275,-0.010805000058453983,1.392181174994787,-1.3754999942296107,-0.04245999949236837,-1.2990330003721131,1.3564999954250343,0.022324999692381723,-1.379818000156975
1,-0.05349999877832942,1.9090889500117627,0.0354599997131426,0.010499992906190664,-1.9271699997952199,0.03193499972764114,1.3505000072392983,-0.022904999611262633,1.3609649998950064,-1.34699999602275,-0.010805000058453983,1.3921799999538684,-1.3754999942296107,-0.042465000134098235,-1.2990350000603357,1.3564999954250343,0.022324999692381723,-1.3798200003884435
1,0.04299999229098215,1.9301340497047288,0.002858499717929744,-0.0005000035425314492,-1.9195100000453014,0.029195499657690673,1.3775000083997138,-0.002349999684573806,1.3352396753015712,-1.3690000025013433,0.005220000038194095,1.34072467559263,-1.3279999972181737,0.012375000275989714,-1.3793145002837228,1.3535000013321588,-0.024920000091086636,-1.3835695005521012
1,0.04299999229098215,1.9301339498301822,0.0028550001277291848,-0.0005000035425314492,-1.9195100000453014,0.029195000414692557,1.3775000083997138,-0.002349999684573806,1.3352400001626297,-1.3690000025013433,0.005220000038194095,1.340724999910443,-1.3279999972181737,0.012375000275989714,-1.3793150000699668,1.3535000013321588,-0.024920000091086636,-1.3835699997950988
1,-0.00900000944090952,1.9033850001745747,-0.006870000325431919,0.01849999526204482,-1.9286700002477273,0.009924999697187645,1.32700000371426,-0.04079000026901976,1.3831049997600244,-1.3749999906870867,-0.0003749997289939546,1.3889800000980246,-1.3684999989588194,-0.03195500029268164,-1.320639999937571,1.3460000025188361,0.011970000537945476,-1.3533400001960643
1,-0.00900000944090952,1.9033850001745747,-0.0068659998624950175,0.01849999526204482,-1.9286700002477273,0.009927500258146815,1.32700000371426,-0.04079000026901976,1.3831066756736798,-1.3749999906870867,-0.0003749997289939546,1.3889816760116809,-1.3684999989588194,-0.03195500029268164,-1.320637499919858,1.3460000025188361,0.011970000537945476,-1.353337499635106
1,-0.00900000944090952,1.9033850001745747,-0.0068659998624950175,0.01849999526204482,-1.9286700002477273,0.009927500258146815,1.32700000371426,-0.04079000026901976,1.3831066756736798,-1.3749999906870867,-0.0003749997289939546,1.3889816760116809,-1.3684999989588194,-0.03195500029268164,-1.320637499919858,1.3460000025188361,0.011970000537945476,-1.353337499635106
1,-0.00900000944090952,1.9033850001745747,-0.006870000325431919,0.01849999526204482,-1.9286700002477273,0.009924999697187645,1.32700000371426,-0.04079000026901976,1.3831049997600244,-1.3749999906870867,-0.0003749997289939546,1.3889800000980246,-1.3684999989588194,-0.03195500029268164,-1.320639999937571,1.3460000025188361,0.011970000537945476,-1.3533400001960643
1,-0.011699995975805011,1.9319048861118167,-0.04520849989820592,0.007450006607761267,-1.9153800000798409,-0.014793500074928509,1.3467000020459265,0.013609999752244015,1.3577906760142109,-1.3419000033486332,0.01412999965302468,1.347775675679368,-1.3629499949477402,-0.023065000171707383,-1.3778084998266555,1.3661999908118778,0.0043649993961320105,-1.34516349995784
1,0.016700004238783678,1.9214698866771585,-0.04120999970875713,-0.0009500012983448547,-1.9219400000100975,-0.013444999647264762,1.375049996473797,-0.0339799997511678,1.3623300003309242,-1.3291500080822116,0.0036799998297085412,1.3479800007906368,-1.3486499968481627,0.012925000185820552,-1.3815249994305583,1.3720999945864907,-0.0049249998211566,-1.34641999951638
1,-0.011699995975805011,1.9319048861118167,-0.04520999980018416,0.007450006607761267,-1.9153800000798409,-0.014794999433660666,1.3467000020459265,0.013609999752244015,1.3577900002162901,-1.3419000033486332,0.01412999965302468,1.347775000424693,-1.3629499949477402,-0.023065000171707383,-1.3777899995869323,1.3661999908118778,0.0043649993961320105,-1.3451649993165722
1,0.016700004238783678,1.9214698866771585,-0.04120849980677888,-0.0009500012983448547,-1.9219400000100975,-0.0134435002885323,1.375049996473797,-0.0339799997511678,1.3623306755856,-1.3291500080822116,0.0036799998297085412,1.347980675502067,-1.3486499968481627,0.012925000185820552,-1.3815235000718253,1.3720999945864907,-0.0049249998211566,-1.3464185001576472
1,-0.011699995975805011,1.9319048861118167,-0.04520849989820592,0.007450006607761267,-1.9153800000798409,-0.014793500074928509,1.3467000020459265,0.013609999752244015,1.3577906760142109,-1.3419000033486332,0.01412999965302468,1.347775675679368,-1.3629499949477402,-0.023065000171707383,-1.3778084998266555,1.3661999908118778,0.0043649993961320105,-1.34516349995784
1,-0.011699995975805011,1.9319048861118167,-0.04520999980018416,0.007450006607761267,-1.9153800000798409,-0.014794999433660666,1.3467000020459265,0.013609999752244015,1.3577900002162901,-1.3419000033486332,0.01412999965302468,1.347775000424693,-1.3629499949477402,-0.023065000171707383,-1.3777899995869323,1.3661999908118778,0.0043649993961320105,-1.3451649993165722
1,0.020500009432159308,1.9029500004274804,0.018667500251481534,0.02200000647859328,-1.939450000170595,0.010355000027531772,1.3301500015861216,-0.0509000002458565,1.3698196758420633,-1.3404999907133335,0.004970000218864512,1.3825696754544299,-1.3620999916416747,-0.008245000310529348,-1.3592894996494618,1.3575000025100898,-0.004404999920376157,-1.335999500328567
1,0.020500009432159308,1.9029500004274804,0.018667500251481534,0.02200000647859328,-1.939450000170595,0.010355000027531772,1.3301500015861216,-0.0509000002458565,1.3698196758420633,-1.3404999907133335,0.004970000218864512,1.3825696754544299,-1.3620999916416747,-0.008245000310529348,-1.3592894996494618,1.3575000025100898,-0.004404999920376157,-1.335999500328567
1,0.020500009432159308,1.9029500004274804,0.01866500023376841,0.02200000647859328,-1.939450000170595,0.010360000606203013,1.3301500015861216,-0.0509000002458565,1.3698250001953018,-1.3404999907133335,0.004970000218864512,1.382570000315488,-1.3620999916416747,-0.008245000310529348,-1.3592849999435268,1.3575000025100898,-0.004404999920376157,-1.33599499953614
1,0.020500009432159308,1.9029500004274804,0.01866500023376841,0.02200000647859328,-1.939450000170595,0.010360000606203013,1.3301500015861216,-0.0509000002458565,1.3698250001953018,-1.3404999907133335,0.004970000218864512,1.382570000315488,-1.3620999916416747,-0.008245000310529348,-1.3592849999435268,1.3575000025100898,-0.004404999920376157,-1.33599499953614
1,0.04419999536059273,1.9038348858387315,0.018111000220019345,0.01324999880895325,-1.9278349998677875,-0.0038089997160242056,1.3834999965854649,-0.016070000494356196,1.3774081759342964,-1.326249998400474,0.018009999799156212,1.3679531763076078,-1.3223500087959716,-0.006160000065676718,-1.3507609999594754,1.3668499981333917,-0.015475000186817134,-1.3422809996352714
1,0.023600001517302988,1.889662443344661,0.018740000765147764,0.023600001517302988,-1.9516500002657482,0.01873500072972254,1.3548499945996066,-0.07106999992835729,1.3731350002872544,-1.345100007007217,0.004390000299983501,1.370645000572587,-1.3486499968481702,-0.03153500016597979,-1.3516449995950626,1.3912000049644844,-0.03151000003039359,-1.3215649994290484
1,0.04419999536059273,1.9038348858387315,0.0181199996318896,0.01324999880895325,-1.9278349998677875,-0.0038100009182509414,1.3834999965854649,-0.016070000494356196,1.3774099996108413,-1.326249998400474,0.018009999799156212,1.3679549994409066,-1.3223500087959716,-0.006160000065676718,-1.350760000386988,1.3668499981333917,-0.015475000186817134,-1.3422800006060298
1,0.023600001517302988,1.889662443344661,0.018735000729722236,0.023600001517302988,-1.9516500002657482,0.01873500072972223,1.3548499945996066,-0.07106999992835729,1.3731400003226801,-1.345100007007217,0.004390000299983501,1.3706450005725865,-1.3486499968481702,-0.03153500016597979,-1.3516400001028832,1.3912000049644844,-0.03151000003039359,-1.3215599999368695
1,0.04419999536059273,1.9038348858387315,0.0181199996318896,0.01324999880895325,-1.9278349998677875,-0.0038100009182509414,1.3834999965854649,-0.016070000494356196,1.3774099996108413,-1.326249998400474,0.018009999799156212,1.3679549994409066,-1.3223500087959716,-0.006160000065676718,-1.350760000386988,1.3668499981333917,-0.015475000186817134,-1.3422800006060298
1,0.04419999536059273,1.9038348858387315,0.018111000220019345,0.01324999880895325,-1.9278349998677875,-0.0038089997160242056,1.3834999965854649,-0.016070000494356196,1.3774081759342964,-1.326249998400474,0.018009999799156212,1.3679531763076078,-1.3223500087959716,-0.006160000065676718,-1.3507609999594754,1.3668499981333917,-0.015475000186817134,-1.3422809996352714
1,-0.008499992317229019,1.905709999723562,-0.0092965000247959,0.01859999325432432,-1.943040000741419,0.045955499975580454,1.3339499931983518,-0.0034200002634513296,1.4094101758106883,-1.3651500051024024,-0.011544999769514161,1.3638551762823905,-1.365200010889113,-0.01583500029541949,-1.3441489996149514,1.3706999955323287,-0.044855000342916326,-1.2998839994479456
1,-0.008499992317229019,1.905709999723562,-0.009295000122817504,0.01859999325432432,-1.943040000741419,0.0459550001893361,1.3339499931983518,-0.0034200002634513296,1.4094100003422572,-1.3651500051024024,-0.011544999769514161,1.3638549997274674,-1.365200010889113,-0.01583500029541949,-1.3441500002739308,1.3706999955323287,-0.044855000342916326,-1.2998850001069258
1,-0.008499992317229019,1.905709999723562,-0.0092965000247959,0.01859999325432432,-1.943040000741419,0.045955499975580454,1.3339499931983518,-0.0034200002634513296,1.4094101758106883,-1.3651500051024024,-0.011544999769514161,1.3638551762823905,-1.365200010889113,-0.01583500029541949,-1.3441489996149514,1.3706999955323287,-0.044855000342916326,-1.2998839994479456
1,-0.008499992317229019,1.905709999723562,-0.009295000122817504,0.01859999325432432,-1.943040000741419,0.0459550001893361,1.3339499931983518,-0.0034200002634513296,1.4094100003422572,-1.3651500051024024,-0.011544999769514161,1.3638549997274674,-1.365200010889113,-0.01583500029541949,-1.3441500002739308,1.3706999955323287,-0.044855000342916326,-1.2998850001069258
1,0.000000013581145291707841,1.90803999991428,0.001734999797912723,-0.02144998356820603,-1.9145899993293434,-0.01409500044982833,1.3451000070072094,-0.0027000000462479024,1.3683249998893938,-1.3620499994361097,-0.004775000544171834,1.3466199998468995,-1.3854499913877123,0.01712999978977319,-1.357864999661177,1.3723000041521876,-0.03130500060877234,-1.3393399998760698
1,0.000000013581145291707841,1.90803999991428,0.001734999797912723,-0.02144998356820603,-1.9145899993293434,-0.01409500044982833,1.3451000070072094,-0.0027000000462479024,1.3683249998893938,-1.3620499994361097,-0.004775000544171834,1.3466199998468995,-1.3854499913877123,0.01712999978977319,-1.357864999661177,1.3723000041521876,-0.03130500060877234,-1.3393399998760698
1,0.000000013581145291707841,1.908035000040816,0.0017379996018688226,-0.02144998356820603,-1.9145949992028075,-0.014091500316381476,1.3451000070072094,-0.002704999919711982,1.3683271755892932,-1.3620499994361097,-0.004780000417635918,1.3466221750035525,-1.3854499913877123,0.017124999916309114,-1.3578620009437123,1.3723000041521876,-0.03131000048223641,-1.3393370006153593
1,0.01629999868853172,1.918299886233037,-0.004384500316699291,0.037749995837883056,-1.9417750004878487,0.011447499619263904,1.4118999968000459,-0.009135000835105473,1.3274366756452796,-1.3123000136455907,0.0160649990843605,1.3754616752897906,-1.3149000021882142,-0.014880000647544094,-1.3670725002505448,1.3639999942383607,0.004429999287696232,-1.3832475002263989
1,0.01629999868853172,1.918299886233037,-0.004384500316699291,0.037749995837883056,-1.9417750004878487,0.011447499619263904,1.4118999968000459,-0.009135000835105473,1.3274366756452796,-1.3123000136455907,0.0160649990843605,1.3754616752897906,-1.3149000021882142,-0.014880000647544094,-1.3670725002505448,1.3639999942383607,0.004429999287696232,-1.3832475002263989
1,0.01629999868853172,1.918299886233037,-0.004385000102942946,0.037749995837883056,-1.9417750004878487,0.01144500014479781,1.4118999968000459,-0.009135000835105473,1.3274300002394444,-1.3123000136455907,0.0160649990843605,1.375460000462627,-1.3149000021882142,-0.014880000647544094,-1.3670799997604364,1.3639999942383607,0.004429999287696232,-1.3832499997008654
1,0.01629999868853172,1.918299886233037,-0.004385000102942946,0.037749995837883056,-1.9417750004878487,0.01144500014479781,1.4118999968000459,-0.009135000835105473,1.3274300002394444,-1.3123000136455907,0.0160649990843605,1.375460000462627,-1.3149000021882142,-0.014880000647544094,-1.3670799997604364,1.3639999942383607,0.004429999287696232,-1.3832499997008654
1,0.000000013581145291707841,1.908035000040816,0.0017379996018688226,-0.02144998356820603,-1.9145949992028075,-0.014091500316381476,1.3451000070072094,-0.002704999919711982,1.3683271755892932,-1.3620499994361097,-0.004780000417635918,1.3466221750035525,-1.3854499913877123,0.017124999916309114,-1.3578620009437123,1.3723000041521876,-0.03131000048223641,-1.3393370006153593
1,-0.0013000146430316023,1.9100700000144966,0.005458500211954161,0.009499985821139069,-1.9204999995756906,0.0040399998315828745,1.3355499882370578,-0.01523499934615054,1.3692891755602163,-1.3812500078063827,-0.025714999946782557,1.3419591758644922,-1.3629000027421787,-0.018794999907924284,-1.3712800001823822,1.314749984828075,0.005270000309366085,-1.3690949999124258
1,-0.0013000146430316023,1.9100700000144966,0.005460000113932939,0.009499985821139069,-1.9204999995756906,0.004035000339404252,1.3355499882370578,-0.01523499934615054,1.3692899996642742,-1.3812500078063827,-0.025714999946782557,1.3419549999331246,-1.3629000027421787,-0.018794999907924284,-1.3712849996745609,1.314749984828075,0.005270000309366085,-1.3690999999478508
1,0.03334998910970778,1.9192798867847647,-0.04412899963803499,0.011049988654287322,-1.9263350001835458,-0.03009249971133142,1.3806499926904339,-0.01782499987139127,1.2825191757444896,-1.3785999998959033,-0.01226499998671738,1.2842141758022452,-1.3533500111343217,-0.0001099995210067467,-1.419969999649241,1.3215999899010331,0.008925000003488531,-1.438279999540799
1,0.026599995610174704,1.9212998871380524,-0.031179999810884415,0.01579999514600404,-1.930789999606828,-0.029760000071780958,1.3664000003775745,-0.0003449997199438809,1.3472499994212694,-1.3698999980129738,-0.03090999984939076,1.2941600002884377,-1.333399997450259,-0.010569999859517062,-1.397684999843382,1.3662000043930191,-0.04152999998007971,-1.3933349999884161
1,0.03334998910970778,1.9192798867847647,-0.04413000029701491,0.011049988654287322,-1.9263350001835458,-0.0300900002368647,1.3806499926904339,-0.01782999974485535,1.282520000391793,-1.3785999998959033,-0.01226499998671738,1.2842149999063022,-1.3533500111343217,-0.00010499964754266721,-1.4199700001924864,1.3215999899010331,0.008925000003488531,-1.43827500004862
1,0.026599995610174704,1.9212998871380524,-0.031182000042353136,0.01579999514600404,-1.930789999606828,-0.029765999679694496,1.3664000003775745,-0.0003449997199438809,1.3472496756467025,-1.3698999980129738,-0.03090999984939076,1.2941546753919535,-1.333399997450259,-0.010569999859517062,-1.3976845000571383,1.3662000043930191,-0.04152999998007971,-1.3933395002375972
1,0.02669999360245042,1.922829999766408,-0.0031069999574773813,0.007599996805598433,-1.9132250000699607,-0.018546499828785867,1.340649994492316,-0.0468950001900605,1.3588346756969154,-1.3888500046119847,-0.002314999802059986,1.3122146756852315,-1.3680500012030021,-0.022819999457576602,-1.3818594998448224,1.3480000031078014,-0.006910000291930535,-1.3732995000403065
1,-0.0013000146430316023,1.9100700000144966,0.005460000113932939,0.009499985821139069,-1.9204999995756906,0.004035000339404252,1.3355499882370578,-0.01523499934615054,1.3692899996642742,-1.3812500078063827,-0.025714999946782557,1.3419549999331246,-1.3629000027421787,-0.018794999907924284,-1.3712849996745609,1.314749984828075,0.005270000309366085,-1.3690999999478508
1,0.02669999360245042,1.922829999766408,-0.003105000269254893,0.007599996805598433,-1.9132250000699607,-0.01854000043462868,1.340649994492316,-0.0468950001900605,1.3588349994714823,-1.3888500046119847,-0.002314999802059986,1.31222000003847,-1.3680500012030021,-0.022819999457576602,-1.381850000646708,1.3480000031078014,-0.006910000291930535,-1.3732950003343714
1,-0.0013000146430316023,1.9100700000144966,0.005458500211954161,0.009499985821139069,-1.9204999995756906,0.0040399998315828745,1.3355499882370578,-0.01523499934615054,1.3692891755602163,-1.3812500078063827,-0.025714999946782557,1.3419591758644922,-1.3629000027421787,-0.018794999907924284,-1.3712800001823822,1.314749984828075,0.005270000309366085,-1.3690949999124258
1,0.026599995610174704,1.9212998871380524,-0.031182000042353136,0.01579999514600404,-1.930789999606828,-0.029765999679694496,1.3664000003775745,-0.0003449997199438809,1.3472496756467025,-1.3698999980129738,-0.03090999984939076,1.2941546753919535,-1.333399997450259,-0.010569999859517062,-1.3976845000571383,1.3662000043930191,-0.04152999998007971,-1.3933395002375972
1,0.026599995610174704,1.9212998871380524,-0.031179999810884415,0.01579999514600404,-1.930789999606828,-0.029760000071780958,1.3664000003775745,-0.0003449997199438809,1.3472499994212694,-1.3698999980129738,-0.03090999984939076,1.2941600002884377,-1.333399997450259,-0.010569999859517062,-1.397684999843382,1.3662000043930191,-0.04152999998007971,-1.3933349999884161
1,0.03334998910970778,1.9192798867847647,-0.04413000029701491,0.011049988654287322,-1.9263350001835458,-0.0300900002368647,1.3806499926904339,-0.01782999974485535,1.282520000391793,-1.3785999998959033,-0.01226499998671738,1.2842149999063022,-1.3533500111343217,-0.00010499964754266721,-1.4199700001924864,1.3215999899010331,0.008925000003488531,-1.43827500004862
1,0.03334998910970778,1.9192798867847647,-0.04412899963803499,0.011049988654287322,-1.9263350001835458,-0.03009249971133142,1.3806499926904339,-0.01782499987139127,1.2825191757444896,-1.3785999998959033,-0.01226499998671738,1.2842141758022452,-1.3533500111343217,-0.0001099995210067467,-1.419969999649241,1.3215999899010331,0.008925000003488531,-1.438279999540799
1,0.01979999632392735,1.9094049999419291,-0.02735732442213091,0.025499990532843627,-1.9199300001720032,-0.02704200004551005,1.3538499875145587,0.031699999831622604,1.3517626758959882,-1.3853000011898748,-0.01961499989920587,1.305717675612243,-1.3507500090105564,-0.0030600001548491892,-1.3914264993958443,1.3658999968350467,-0.031009999623469037,-1.3820815000052655
1,0.01890000081229677,1.9101850001772331,-0.04257999963685426,-0.02470000659463783,-1.9317950002941402,-0.02503499918965725,1.3654499990792295,-0.00007000053329368327,1.3218150006570664,-1.3459499967321293,-0.03971999969014234,1.3010650008618465,-1.3580000060526172,0.0229899997649493,-1.3975499994301455,1.362650000970913,-0.008239999668799042,-1.385504999380284
1,0.01979999632392735,1.9094049999419291,-0.02735732442213091,0.025499990532843627,-1.9199300001720032,-0.02704200004551005,1.3538499875145587,0.031699999831622604,1.3517626758959882,-1.3853000011898748,-0.01961499989920587,1.305717675612243,-1.3507500090105564,-0.0030600001548491892,-1.3914264993958443,1.3658999968350467,-0.031009999623469037,-1.3820815000052655
1,0.01979999632392735,1.9094049999419291,-0.027375000014551232,0.025499990532843627,-1.9199300001720032,-0.02703999981404196,1.3538499875145587,0.031699999831622604,1.351765000445269,-1.3853000011898748,-0.01961499989920587,1.3057200001615246,-1.3507500090105564,-0.0030600001548491892,-1.3914250000371116,1.3658999968350467,-0.031009999623469037,-1.3820799995600415
1,0.01890000081229677,1.9101850001772331,-0.042562324044433934,-0.02470000659463783,-1.9317950002941402,-0.025036999964371448,1.3654499990792295,-0.00007000053329368327,1.3218126761077849,-1.3459499967321293,-0.03971999969014234,1.301062675769319,-1.3580000060526172,0.0229899997649493,-1.3975514993321245,1.362650000970913,-0.008239999668799042,-1.385506499825508
1,0.01979999632392735,1.9094049999419291,-0.027375000014551232,0.025499990532843627,-1.9199300001720032,-0.02703999981404196,1.3538499875145587,0.031699999831622604,1.351765000445269,-1.3853000011898748,-0.01961499989920587,1.3057200001615246,-1.3507500090105564,-0.0030600001548491892,-1.3914250000371116,1.3658999968350467,-0.031009999623469037,-1.3820799995600415
1,-0.0001499901978409407,1.9086350002218195,-0.03598499963007452,-0.010399994913922475,-1.9319150003303414,-0.00287500026943055,1.390750007208669,0.011189999534376521,1.316485000377698,-1.3490999946039854,-0.0207499996013817,1.3095099998515813,-1.3462999964956688,-0.012580000465876349,-1.4156299998651254,1.3304499955629505,0.012220000357275052,-1.4095149999996959
1,-0.03140000788860569,1.895205000523876,-0.0339399998087793,0.00019999598455144874,-1.9476949997128585,0.006730000420016341,1.3521000022780043,-0.022349999827967714,1.3822149999732778,-1.3692000120670418,-0.04447499997219248,1.3551150002773784,-1.3746500045046905,-0.01899000035088276,-1.3382599998296552,1.338599988116644,-0.020894999773168624,-1.3388399995930191
1,-0.0196999983316554,1.8781774435932486,0.0009250000347238163,-0.0196999983316554,-1.9631649992579456,0.0009250000347238163,1.3628499969554646,-0.04072499884092476,1.3764900001547897,-1.3621499974283853,-0.04688499890660147,1.3398350001236965,-1.358249994242734,-0.027200000010632257,-1.3578099998147448,1.3779500061555365,-0.0578649999141574,-1.3291999997420874
1,-0.0196999983316554,1.8781774435932486,0.0009300000701487482,-0.0196999983316554,-1.9631649992579456,0.0009300000701487482,1.3628499969554646,-0.04072499884092476,1.3764950001902145,-1.3621499974283853,-0.04688499890660147,1.3398400001591213,-1.358249994242734,-0.027200000010632257,-1.3578049997793198,1.3779500061555365,-0.0578649999141574,-1.3291999997420874
1,-0.0001499901978409407,1.9086350002218195,-0.035976823779014795,-0.010399994913922475,-1.9319150003303414,-0.0028749991829383967,1.390750007208669,0.011189999534376521,1.3164831761579072,-1.3490999946039854,-0.0207499996013817,1.3095081761750365,-1.3462999964956688,-0.012580000465876349,-1.4156309994376133,1.3304499955629505,0.012220000357275052,-1.409515999572184
1,-0.03140000788860569,1.89521000039734,-0.03392132410062552,0.00019999598455144874,-1.9476949997128585,0.006730000420016244,1.3521000022780043,-0.022354999701431795,1.3822136760829764,-1.3692000120670418,-0.04447499997219248,1.3551186758792566,-1.3746500045046905,-0.01899000035088276,-1.3382604996158993,1.338599988116644,-0.020894999773168624,-1.338835499887084
1,-0.0224499906532614,1.9058848862010689,-0.013439999611839532,-0.028300002222311063,-1.939594999574116,-0.014919999776046057,1.3589999995565274,-0.015054999291849577,1.3373200002319021,-1.3332999858768342,-0.046604999846486986,1.3664550002214908,-1.3570999969598376,-0.022709999168303834,-1.3691850000068344,1.340350014096638,-0.056759999452765844,-1.3575949999211967
1,-0.0224499906532614,1.9058848862010689,-0.013439999611839532,-0.028300002222311063,-1.939594999574116,-0.014919999776046057,1.3589999995565274,-0.015054999291849577,1.3373200002319021,-1.3332999858768342,-0.046604999846486986,1.3664550002214908,-1.3570999969598376,-0.022709999168303834,-1.3691850000068344,1.340350014096638,-0.056759999452765844,-1.3575949999211967
1,-0.0224499906532614,1.9058848862010689,-0.013444999647264817,-0.028300002222311063,-1.9395899997006518,-0.01489982362266836,1.3589999995565274,-0.015054999291849577,1.337320176243579,-1.3332999858768342,-0.046604999846486986,1.3664601762685933,-1.3570999969598376,-0.022709999168303834,-1.3691839993478543,1.340350014096638,-0.056759999452765844,-1.3575939992622161
1,-0.03140000788860569,1.89521000039734,-0.03392132410062552,0.00019999598455144874,-1.9476949997128585,0.006730000420016244,1.3521000022780043,-0.022354999701431795,1.3822136760829764,-1.3692000120670418,-0.04447499997219248,1.3551186758792566,-1.3746500045046905,-0.01899000035088276,-1.3382604996158993,1.338599988116644,-0.020894999773168624,-1.338835499887084
1,0.0011000050773310732,1.891247442414324,-0.04006000025288001,0.001100005077331087,-1.9500650004278202,-0.04006000025288001,1.3643999997886127,-0.02685500029068827,1.342234999743956,-1.3530499899952002,-0.02076499999003975,1.3512949998315231,-1.348349989290194,-0.015459999798159301,-1.368985000219562,1.3418000053563615,-0.023439999900701017,-1.3803450003053752
1,-0.03140000788860569,1.895205000523876,-0.0339399998087793,0.00019999598455144874,-1.9476949997128585,0.006730000420016341,1.3521000022780043,-0.022349999827967714,1.3822149999732778,-1.3692000120670418,-0.04447499997219248,1.3551150002773784,-1.3746500045046905,-0.01899000035088276,-1.3382599998296552,1.338599988116644,-0.020894999773168624,-1.3388399995930191
1,0.0011000050773310732,1.891247442414324,-0.04006499974505958,0.001100005077331087,-1.9500650004278202,-0.04005999970963435,1.3643999997886127,-0.02685500029068827,1.3422350002872017,-1.3530499899952002,-0.02076499999003975,1.3512950003747695,-1.348349989290194,-0.015454999924695222,-1.3689849996763157,1.3418000053563615,-0.023439999900701017,-1.3803449997621295
1,-0.0224499906532614,1.9058848862010689,-0.013444999647264817,-0.028300002222311063,-1.9395899997006518,-0.01489982362266836,1.3589999995565274,-0.015054999291849577,1.337320176243579,-1.3332999858768342,-0.046604999846486986,1.3664601762685933,-1.3570999969598376,-0.022709999168303834,-1.3691839993478543,1.340350014096638,-0.056759999452765844,-1.3575939992622161
1,0.029050007536102596,1.913799886412047,-0.030815000484315402,-0.012599991487435583,-1.9154600003600635,-0.03317500036441852,1.3632500160868637,-0.022894999864334686,1.3603149996356891,-1.333799989419362,0.012855000420791934,1.3467250000475834,-1.3441999843332808,0.009985000067171648,-1.3671699998548457,1.3883500010694552,0.012220000357274843,-1.3372300001374926
1,-0.041850008589238694,1.9404850000986922,-0.0366299998539669,-0.00020000956570050132,-1.912899999843872,-0.034262675932403015,1.35534998456099,0.000035000650779742903,1.3408550002882538,-1.335850009376187,0.01584500004234765,1.3462700000833592,-1.363300008292429,-0.002529999738874779,-1.392104175861678,1.3530999957819116,-0.0034949999019432826,-1.3736791756985847
1,-0.041850008589238694,1.9404899999721563,-0.03662000032636211,-0.00020000956570050132,-1.912894999970408,-0.03426000044625883,1.35534998456099,0.000040000524243827273,1.3408599997804336,-1.335850009376187,0.015849999915811736,1.3462750001187849,-1.363300008292429,-0.0025249998654107014,-1.3920999999303096,1.3530999957819116,-0.003490000028479212,-1.3736750003104623
1,0.029050007536102596,1.913799886412047,-0.030839176014139213,-0.012599991487435583,-1.9154600003600635,-0.0332050000337244,1.3632500160868637,-0.022894999864334686,1.3602900000018086,-1.333799989419362,0.012855000420791934,1.3466999998704567,-1.3441999843332808,0.009985000067171648,-1.3671941759279145,1.3883500010694552,0.012220000357274843,-1.337254175667316
1,0.011349996212262618,1.8961100005571385,-0.05261500011339816,0.011349996212262611,-1.9452149994768901,-0.052620000148823995,1.339849996972963,-0.023034999394391503,1.3669250002919906,-1.363150004513439,-0.019564999628034,1.3448399997301586,-1.3599000086493054,-0.02343999913243574,-1.3697149999591918,1.3916499891391543,-0.01967499991730623,-1.3467899999648663
1,0.011349996212262618,1.8961100005571385,-0.052620000148823697,0.011349996212262611,-1.9452149994768901,-0.05262500018424892,1.339849996972963,-0.023034999394391503,1.3669249997487447,-1.363150004513439,-0.019564999628034,1.3448399997301594,-1.3599000086493054,-0.02343999913243574,-1.3697150005024374,1.3916499891391543,-0.01967499991730623,-1.3467899999648658
1,0.011349996212262618,1.8961100005571385,-0.05261500011339816,0.011349996212262611,-1.9452149994768901,-0.052620000148823995,1.339849996972963,-0.023034999394391503,1.3669250002919906,-1.363150004513439,-0.019564999628034,1.3448399997301586,-1.3599000086493054,-0.02343999913243574,-1.3697149999591918,1.3916499891391543,-0.01967499991730623,-1.3467899999648663
1,0.011349996212262618,1.8961100005571385,-0.052620000148823697,0.011349996212262611,-1.9452149994768901,-0.05262500018424892,1.339849996972963,-0.023034999394391503,1.3669249997487447,-1.363150004513439,-0.019564999628034,1.3448399997301594,-1.3599000086493054,-0.02343999913243574,-1.3697150005024374,1.3916499891391543,-0.01967499991730623,-1.3467899999648658
1,0.01779999573496758,1.9029099438198378,-0.04314999987261326,0.012599991487434632,-1.9445399996573949,-0.013309999777274581,1.3886549929087253,-0.039124999382603914,1.3393849996516518,-1.342150005119902,-0.005940000255397634,1.3437550001915644,-1.3249000051330262,-0.02289499986433458,-1.3926899997645241,1.3755699914660888,-0.01642000008776405,-1.366464999749096
1,0.008000002355853214,1.908227500547043,-0.03888500007663108,0.008000002355853221,-1.9330849430633665,-0.038885000076631066,1.3806999984771435,-0.04449000036085009,1.3175649998808674,-1.323500006078867,-0.026475000688230554,1.3826500003390465,-1.3752999982450582,-0.029830000291850896,-1.3360949997013998,1.3338499952060743,-0.018285000522337586,-1.3907450001084891
1,0.01779999573496758,1.9029099438198378,-0.04312967541309909,0.012599991487434632,-1.9445399996573949,-0.013295000214244401,1.3886549929087253,-0.03911999950913983,1.3394000003011735,-1.342150005119902,-0.005940000255397634,1.3437700002978414,-1.3249000051330262,-0.02289999973779866,-1.3926691755187655,1.3755699914660888,-0.01642000008776405,-1.3664491755387624
1,-0.013350010382372393,1.9114850003133173,-0.04139000044082125,-0.008150006134839446,-1.9237149996492544,-0.0712226759514538,1.3584949981515568,-0.027414999947447158,1.3382950000776321,-1.3485500124370424,-0.02176499926735681,1.3451049999779605,-1.3707500013190401,-0.03436999986882022,-1.3613441757670406,1.347714989137153,-0.024819999548742352,-1.379169175481823
1,-0.013350010382372393,1.9114850003133173,-0.04141000003927621,-0.008150006134839446,-1.9237149996492544,-0.07125000013461488,1.3584949981515568,-0.027414999947447158,1.3382749999359307,-1.3485500124370424,-0.02176499926735681,1.3450849998362595,-1.3707500013190401,-0.03436999986882022,-1.3613700000482243,1.347714989137153,-0.024819999548742352,-1.3791900002708275
1,-0.013350010382372393,1.9114850003133173,-0.04141000003927621,-0.008150006134839446,-1.9237149996492544,-0.07125000013461488,1.3584949981515568,-0.027414999947447158,1.3382749999359307,-1.3485500124370424,-0.02176499926735681,1.3450849998362595,-1.3707500013190401,-0.03436999986882022,-1.3613700000482243,1.347714989137153,-0.024819999548742352,-1.3791900002708275
1,-0.013350010382372393,1.9114850003133173,-0.04139000044082125,-0.008150006134839446,-1.9237149996492544,-0.0712226759514538,1.3584949981515568,-0.027414999947447158,1.3382950000776321,-1.3485500124370424,-0.02176499926735681,1.3451049999779605,-1.3707500013190401,-0.03436999986882022,-1.3613441757670406,1.347714989137153,-0.024819999548742352,-1.379169175481823
1,0.008000002355853214,1.908227500547043,-0.03889467582966874,0.008000002355853221,-1.9330849430633665,-0.038894675829668754,1.3806999984771435,-0.04448500048738602,1.3175599998454421,-1.323500006078867,-0.026475000688230554,1.3826449997603754,-1.3752999982450582,-0.029830000291850896,-1.3360983515287108,1.3338499952060743,-0.018285000522337586,-1.3907533514279788
1,0.0479000025616891,1.9167248869103042,-0.03133000033039657,0.01087001128179712,-1.9237850001825487,-0.048275000329283196,1.3721800147101453,0.031584999668886074,1.3160699996103844,-1.3371100003762395,0.015909999933911442,1.3135449996477395,-1.3509849900322008,0.022965000397628582,-1.4017600004661879,1.3758800083300953,-0.0001800000543009661,-1.3977350001976347
1,-0.0010450150093201938,1.9081748866358095,-0.012104999931719318,0.029860000780346244,-1.9355900002865858,-0.04937999946633204,1.3813593903718804,-0.02526999968449428,1.353755000420132,-1.3374600001397798,-0.019494999863005374,1.3266600002164126,-1.3264000021794637,-0.016785000069829737,-1.3975100002332357,1.3603593909783502,0.005930000508469577,-1.367749999618209
1,0.0479000025616891,1.9167248869103042,-0.03133000033039657,0.01087001128179712,-1.9237850001825487,-0.048275000329283196,1.3721800147101453,0.031584999668886074,1.3160699996103844,-1.3371100003762395,0.015909999933911442,1.3135449996477395,-1.3509849900322008,0.022965000397628582,-1.4017600004661879,1.3758800083300953,-0.0001800000543009661,-1.3977350001976347
1,0.0479000025616891,1.9167248869103042,-0.031315000224120274,0.01087001128179712,-1.9237850001825487,-0.048290000435558575,1.3721800147101453,0.031584999668886074,1.3160699996103848,-1.3371100003762395,0.015909999933911442,1.3135450001909859,-1.3509849900322008,0.022965000397628582,-1.4017641758543102,1.3758800083300953,-0.0001800000543009661,-1.3977341755503323
1,-0.010974993555366859,1.9214299998562452,-0.08305500011380276,0.014974994733292994,-1.9081649998239452,-0.00880417580656015,1.3400693868367703,0.008335000337679348,1.3159150001419389,-1.382989997318051,0.03056000102424851,1.2897849997130992,-1.3343300072988349,0.007945000988293156,-1.4418741759181979,1.360164392856242,0.006425001041929834,-1.3825691756681855
1,-0.012389999777998685,1.9220600000462982,-0.06425500001004417,0.024639991501893298,-1.9200799994489892,-0.04727999979860585,1.3627999911687525,-0.012509999164317283,1.2717050003646109,-1.3806150076533399,0.015105000331287047,1.2948350001816349,-1.3602300033819303,-0.010864999308288745,-1.427454175338711,1.3141400011495366,0.010105000871638056,-1.4290941755500346
1,-0.012389999777998685,1.9220600000462982,-0.06425500001004417,0.024639991501893298,-1.9200799994489892,-0.04727999979860585,1.3627999911687525,-0.012509999164317283,1.2717050003646109,-1.3806150076533399,0.015105000331287047,1.2948350001816349,-1.3602300033819303,-0.010864999308288745,-1.427454175338711,1.3141400011495366,0.010105000871638056,-1.4290941755500346
1,-0.010974993555366859,1.9214299998562452,-0.08303499997210123,0.014974994733292994,-1.9081649998239452,-0.00880000041843726,1.3400693868367703,0.008335000337679348,1.3159199996341187,-1.382989997318051,0.03056000102424851,1.2897849997130992,-1.3343300072988349,0.007945000988293156,-1.4418699999868296,1.360164392856242,0.006425001041929834,-1.382570000315488
1,-0.012389999777998685,1.9220600000462982,-0.06422999983291741,0.024639991501893298,-1.9200799994489892,-0.047289999869456006,1.3627999911687525,-0.012509999164317283,1.2717149998922164,-1.3806150076533399,0.015105000331287047,1.294845000252486,-1.3602300033819303,-0.010864999308288745,-1.4274399998797378,1.3141400011495366,0.010105000871638056,-1.4290900001619122
1,-0.012389999777998685,1.9220600000462982,-0.06422999983291741,0.024639991501893298,-1.9200799994489892,-0.047289999869456006,1.3627999911687525,-0.012509999164317283,1.2717149998922164,-1.3806150076533399,0.015105000331287047,1.294845000252486,-1.3602300033819303,-0.010864999308288745,-1.4274399998797378,1.3141400011495366,0.010105000871638056,-1.4290900001619122
1,-0.0010450150093201938,1.9081748866358095,-0.012096676317770755,0.029860000780346244,-1.9355900002865858,-0.0493850005882498,1.3813593903718804,-0.02526999968449428,1.3537649994044907,-1.3374600001397798,-0.019494999863005374,1.326664999708592,-1.3264000021794637,-0.016785000069829737,-1.3974991760583282,1.3603593909783502,0.005930000508469577,-1.3677441760219726
1,0.0479000025616891,1.9167248869103042,-0.031315000224120274,0.01087001128179712,-1.9237850001825487,-0.048290000435558575,1.3721800147101453,0.031584999668886074,1.3160699996103848,-1.3371100003762395,0.015909999933911442,1.3135450001909859,-1.3509849900322008,0.022965000397628582,-1.4017641758543102,1.3758800083300953,-0.0001800000543009661,-1.3977341755503323
